ticker,year,quarter,text,words_count,status,pdf_url
BID,2026,Q1,"BDV6
DEWLOPMENT OF WETNAM, JSC.
56: 2994lBIDV-TK&QHCD
CBTT 86o c6o tdi chinh ri€ng 16 vd hqp
nhat gifta ni6n tlQ Qu! I ndm 2026
Interim Sepdrate and Consolidated
Fina nc ial S tatements Quarter I /2 0 2 6
CONG B6 THONG TIN DINH KV
PE RIODI CALLY I N F O RMATI O N DIS CL OS URE
Kinh gui:
- Uy ban Chung kho6n Nhir nudc;
- S0 Giao dich chimg kho6n ViQt Nam;
- Sd Giao dch chrmg khoan TP HCM;
- S& Giao dich chrmg kho6n Hd NQi.
To:
- State Securities Commission,
- Vietnam Stock Exchange:
- Ho Chi Minh Stock Exchange;
- Hanoi Stock Exchange.
1. T6n t6 chitc/Name of organization: Ngdn hdng Thuong mai C6 phin Ddu tu vd Ph6t
tri6n ViCt Narn/Aankfor Investment and Development of Vietnam, JSC. (BIDV)
- Md chung V,hofin/Stock code:BlD
- Dia chilAddress: Th6p BIDV, 194 TrAn Quang Khii, Hodn Ki6m, He NOi/B/DIl
Tower, 194 Tran Quang Khai road, Hoan Kiem ward, Ha Noi
- DiQn tho4i lidnhQlTel: (84-24) 2220 5544 
Fax: (84-24) 2220 0399
- E-mail: nhadautu@bidv .com.vn
2. NQi dung th6ng tin cdngb6tContents of disclosure:
Ngdn hirng TMCP Diu tu vd Ph6t hi6n Vipt Nam c6ng U6 *rOng tin 86o c6o tdi chinh
ri€ng 16 vd hqp nhAt gi&a ni€n tIQ cho k! Quf U2026 tqingity 3110312026 vd cho giai do4n
tu ngdy 0110112026 d6n ngdy 3110312026 theo c6c ChuAn muc K6 to6n ViCt Nam vd HC
thdng K6 to6n c6c T6 chuc Tin dgng ViQt Nam nhu tlinh kdm.
Joint Stock Commercial Bankfor Investment and Development of Vietnam announced
Interim Separate and Consolidated Financial Statements Quarter I/2026 as at 3l March
2026 andfor the periodfrom 01 January 2026 to jl March 2026 in accordance with
Vietnamese Accounting Standards, accounting regime applicable to credit institutions in
Vietnam as attached.
CQNG HoA xA HOI CHU NGHIA VIPT NAM
DQc lip - Ty do - H4nh phric
THE SOCIALIST REPUBLIC OF VIETNAM
Independence - Freedom - Happiness
Hd N|| ngdy 24 thang 4 ndm 2026
Hanoi, day ,ff month *f year 2026
Tdi li6u nriy thu6c so hilu cta BIDV vd dugc trich xu6t tu hC th6ng QuAn trl n6i b6 todn hdng (B.ONE)
NGAN HANG TMCP DAU TTI
VA PHAT TRITN VIET NAM
BANK FOR INVESTMENT AND
Digitally signed by NGÂN HÀNG THƯƠNG MẠI 
CỔ PHẦN ĐẦU TƯ VÀ PHÁT TRIỂN VIỆT NAM
DN: C=VN, S=HÀ NỘI, L=Quận Hoàn Kiếm, 
CN=NGÂN HÀNG THƯƠNG MẠI CỔ PHẦN ĐẦU 
TƯ VÀ PHÁT TRIỂN VIỆT NAM, 
OID.0.9.2342.19200300.100.1.1=MST:0100150619
Reason: I am the author of this document
Location: 
Date: 2026-04-24 17:00:10
Foxit Reader Version: 9.4.1
NGÂN HÀNG THƯƠNG 
MẠI CỔ PHẦN ĐẦU TƯ 
VÀ PHÁT TRIỂN VIỆT 
NAM

3. Th6ng tin ndy il6 duoc c6ng b5 tren trang th6ng tin di6n tu cria Ng6n hang vrio ngdy
A+l 0t/2026 t4i duong
d6n httos://www.bidv.com.vn/vnlouan-he-nha-dau-ttl T h i s
information was published on the Bank's website on j1/ 0T/2026 as in the links
hu
: //www. b i dv. c om. v n/ e n/o uan-he-nha-daulu
Chring t6i xin cam k6t c6c th6ng tin c6ng b6 trdn <l6y ld dung su that ve hodn todn chlu
tr6ch nhiQm trudc ph6p lugt vO ngi dung c6c th6ng tin tld c6ng b6lWe hereby certify that
the information provided is true and correct and we bear the full responsibility to the
h*.t. (
Noi nhSn/Recipent:
- Nhu tr6n/ls aboua;
- Lttu TK&QHCD, YPlArchive:
Secrelaiat & lnvestor Relations,
BIDV Offce.
Ncr/dr DrJqc 0v qwtN CONG n6 ruoNc uN
PHO TONG GIAM DOC
PERSON AUTHORIZED TO DISCLOSE
INFORMATION
UTIVE WCE PRESIDENT
n Long
ill6
H
itt
t{6
Prl^!
(0
IHt0ll
oiu ttl
Yrfi illl,t
rp. xlrl
o
+
t
l0
q\
5 0c
S0
o
o
Tei [Cu nay thuQc sd hiru cta BIDV vA duqc trich xurt tu he th6ng euen H nQi bO rodn hdng (B.ONE).",639,extracted,https://static2.vietstock.vn/data/HOSE/2026/BCTC/VN/QUY%201/BID_Baocaotaichinh_Q1_2026_Hopnhat.pdf
BVH,2026,Q1,"Digitally signed by TẬP 
ĐOÀN BẢO VIỆT
DN: C=VN, S=Hà Nội, L=
""Số 8, Phố Lê Thái Tổ, 
Phường Hàng Trống, 
Quận Hoàn Kiếm, Thành 
phố Hà Nội"", O=TẬP 
ĐOÀN BẢO VIỆT, CN=
TẬP ĐOÀN BẢO VIỆT, 
OID.0.9.2342.19200300.
100.1.1=
MST:0100111761
Reason: I am the author 
of this document
Location: 
Date: 2026.04.29 
15:40:12+07'00'
Foxit PDF Reader 
Version: 12.0.0
TẬP 
ĐOÀN 
BẢO 
VIỆT",61,extracted,https://static2.vietstock.vn/data/HOSE/2026/BCTC/VN/QUY%201/BVH_Baocaotaichinh_Q1_2026_Hopnhat.pdf
CII,2026,Q1,"CONG HOA X.A HO! CHU' NGHIA VICT NAM 
Hoc Itip - Ty do - Hph phuc 
CONG TY CO PHAN DAU TURA TANG 
KY THUAT TP.HCM 
Tang 12, 152 D*1 Bien Phu, Phirong Thanh M57 
Tay, TP Ho Chi Minh 
DT: 028.3622 1025 Fax: 028.3636 7100 
SO: 292/2026/CV-CII 
V/v: gial trinh tang/giam kit qua hog' Ong kinh 
doanh hop nheit qui; 1/2026 so rod cling 19) nom 
fru& 
TP. 1-1e3 Chi Minh, ngely 29 thong 04 10111 2026 
Kink giri: 
- ty ban Chun khoin Nha nu& 
- 	
Giao dich Chting khoin Tp.HCM 
- So' Giao dich Chting khofin Ha NOi 
Cong ty Co phAn DAu to Ha tang Ky thuAt Thanh phi H6 Chi Minh (CII) thong_ boo 
ket qua hog dOng san xuAt - kinh doanh hgp nhAt quYi 1 nom 2026 nhu sau: 
Lgi nhuAn sau thue QuSr 1 nom 2026 tren boo cao tai chinh hap nhAt dat 40,8 ty 
cling (quST 1 nom 2025 dat 95,6 ty ding). 
So vii ding kSrnarn tnrerc, lgi nhuAn Op tir boat dOng ban hang vg_ cung cap dich vu 
tang 24 tS, ding, chu ye'u do mang thu phi giao thong tip tic duy tri xu huang tang doanh 
thu 6n dinh, dat horn 710 ty ding, tang 9% so vai cling ky. K'et qua nay chu y'eu tir gia tang 
luu lugng phucrng tin cac du an dang khai thac cling vori di.eu chinh gia ye cua du an BOT 
cao tic Trung Luang - My ThuAn. Tuy nhien, 19i ich tai chinh cua mot so du an BOT COng 
ty dang khai thac trong quYT boo cao giam (do lgi ich tai chinh dugc thu h6i thong qua 
doanh thu thu phi giao thong), dAin de'n doanh thu tai chinh giam 80 ty so vii cung 
Chi tit ve Bao cao tai chinh hop nhAt cho QuS7 1 nom 2026 vui lOng xem tai 
website: www.cii.com.vn. 
Tran trong. 
024831 
at) 
COPIIA DXU -ru 
HA TANG KY THUAT 
THANH
. 
 PHA' 
Ho CHI 
M DOCK 
Noi girl: 
- NhIr tren 
- Ltru: VP; P. Kt toan 
LE QUOC BINH

GONG TY CO PHAN DAU TU' HA TANG K .? THUAT THANH PHO HO CHI MINH 
TAng 12, 152 BiOn Bien Phi', PhLkyng Thanh M9 T5y, TP. HCM 
DT: 028.36221025 Fax: 028.36367100 
***** 
BAO cAo 
TAI CHINH FIO'P NHAT 
QM?' 1/2026 
Thang 04 n5m 2026 
0
•
•

CONG TY CO PHAN DAU TLY HA TANG KY THUAT 
THANH PHO HO CHI MINH 
BAO CAO TAI CHINH HOOP NHAT 
QUY 1 NAM 2026 
A 
•
A
Thanh ph6 H6 Chi Minh, thang 04 nam 2026

CONG TY CO PHAN DAU TLY HA TANG KY THUAT THANH PHO HO CHI MINH 
Mau B 01a - DN/HN 
BAO CAO TINH H1NH 
Tai ngay 31 thang 
Ma 
TAI SAN 	
so 
TAI CHINH HQ? NHAT 
3 nam 2026 
ThuyOt 
minh 	s6 cuoi ky 
Dan 	
VND 
So dau ky 
(Trinh bay Iai) 
A. TAI SAN NGAN HAN 
100 
11.657.003.724.920 
11.401.411.859.381 
3-1
I. 	
Ti6. n va cac khoan twang &pang 
ti'an 
110 
V.1 
704.349.494.282 
776.200.994.232 
1. 	
Tien 
111 
469.102.741.176 
521.158.865.324 
2. 	
Cac khoan tuang &Fang ti6n 
112 
235.246.753.106 
255.042.128.908 
H
A
II. 	
Dau by tai chinh ngin han 
120 
V.13 
3.456.102.751.830 
3.781.519.201.895 
1. 	
Chung khoan kinh doanh 
121 
13.a 
378.998.813.049 
379.692.900.754 
2. 	
Du' phong giarn gia chi:mg khoan 
kinh doanh 
122 
13.a 
(24.674.053.049) 
(56.089.940.754) 
3. 	
Dau tu,  nam giO,  den ngay ciao han 
ngan han 
123 
13.b 
3.137.624.623.200 
3.490.112.965.127 
4. 	
Dt,r phong dau 	
nam 	
den ngay 
dao ban ng6n [-Ian 
124 
13.b 
(35.846.631.370) 
(32.196.723.232) 
III. Cac khoan phai thu ngAn han 
130 
2.096.171.400.532 
1.779.539.151.748 
1. 	
Phai thu nOrn han cua khach hang 
131 
V.2 
549.801.791.071 
592.606.122.531 
2. 	
Tra trudic cho ngu,Cri ban ngan han 
132 
V.3 
806.422.343.155 
454.191.364.545 
3. 	
Phai thu ngan han khac 
135 
V.4 
914.211.689.366 
902.834.063.842 
4. 	
Du' phong phai thu ngan han kho doi 
136 
V.5 
(174.264.423.060) 
(170.092.399.170) 
IV. Hang ton kho 
140 
V.6 
5.126.721.250.161 
4.879.883.138.697 
1. 	
Hang ton kho 
141 
5.127.194.583.853 
4.880.356.472.389 
2. 	
Dir phong giarn gia hang ton kho 
142 
(473.333.692) 
(473.333.692) 
V. Tai san ngan Flan khac 
160 
273.658.828.115 
184.269.372.809 
1. 	
Chi phi ch& phan b6 ng6n han 
161 
V.7 
18.556.215.197 
11.935.557.740 
2. 	
Thue GTGT &Ivo khau triP 
162 
143.314.149.556 
131.740.067.877 
3. 	
Thue era cac khoan khac phai thu 
Nha ntthc 
163 
V.18 
6.178.170.654 
14.653.390.191 
4. 	
Tai san ngan han khac 
165 
V.8 
105.610.292.708 
25.940.357.001 
Cac thuyet minh Binh kern la mot bC phan hop thanh cCra bac) cab tai chinh hap nha't nay 	
2

CONG TY CO PHAN DAU TU' HA TANG KY THUAT THANH PHO HO CHi MINH 
Mau B 01a - DN/HN  
BAO CAO TINH HINH TAI CHINH HOP 
Tai ngay 31 thang 3 nam 
Ma 	
Thuy6t 
TAI SAN 	
so 	
minh 
NHAT (ti6p then) 
2026 
s6 cu6i ky 
Dan 	
VND 
S6 dau ky 
(Trinh bay Iai) 
B. TAI SAN DAI HAN 
200 
26.189.180.589.945 
26.123.479.783.438 
0
I. 	
Cac khoan phai thu dai han 
210 
2.299.519.235.498 
2.294.615.794.308 
1. 	
Phai thu dai han cua khach hang 
211 
V.2 
23.598.225.137 
23.598.225.137 
2. 	
Phai thu dai han khac 
215 
V.4 
2.275.921.010.361 
2.271.017.569.171 
II. 	
Tai san co dinh 
220 
15.502.459.452.692 
15.672.616.695.163 
HJ
1. 	
Tai san c6 Binh hipu hinh 
221 
V.9 
363.492.124.935 
366.186.115.806 
- Nguyen gia 
222 
525.611.795. 593 
525.917.927.628 
- Gia to hao m6n iuy ke 
223 
(162.119.670.658) 
(159.731.811.822) 
2. 	
Tai san c6 Binh vo hinh 
227 
V.10 
15.138.967.327.757 
15.306.430.579.357 
- Nguyen gia 
228 
20. 344.193.936. 668 
20. 340. 96/. 054. 843 
- Gia to hao mOn iuy ke 
229 
(5. 205.226. 608.911) 
(5.034.530.475.486) 
III. Bat d'ct.mg san dau tu,  
- Nguyen gia 
240 
241 
V.11 
698.346.742.387 
822.957.890.543 
705.182.207.652 
822.957.890.543 
- Gia tri hao m6n luy"" ke 
242 
(124.611.148.156) 
(117.775.682.891) 
IV. Tai san 	
dang dai han 
250 
657.954.949.686 
573.306.345.617 
1. 	
Chi phi xay dung ca bar da dang 
252 
V.12 
657.954.949.686 
573.306.345.617 
V. Diu tu, tai chinh dai han 
260 
V.13 
1.340.858.572.428 
1.215.858.572.428 
1. 	
Dau 	
vao cong ty lien doanh, lien ket 
262 
13. c 
2. 	
Dau tu' gop von vao do'n vi khac 
263 
13. d 
877.217.650.000 
877.217.650.000 
3. 	
Dix phbng ton th6t ci6u tu' vao don vi 
khac dai han 
264 
13. d 
(24.688.430.000) 
(24.688.430.000) 
4. 	
Dau 	
n6m gia den ngay dao han 
dai han 
265 
13 b 
488.329.352.428 
363 329.352.428 
VI. Tai san dai han khac 
270 
5.690.041.637.254 
5.661.900.168.270 
1. 	
Chi phi ch& phan bo dai han 
271 
V.7 
4.638.476.732.932 
4.551.154.111.758 
2. 	
Tai san thue thu nhap hoan lai 
272 
V.14 
482.232.046.482 
487.159.330.460 
3. 	
Lai the thu,ang mai 
279 
V.15 
569.332.857.840 
623.586.726.052 
TONG CONG TAI SAN 
280 
37.846.184.314.865 
37.524.891.642.819 
(280 = 100 + 200) 
Cac thuyet minh dlnh kern la In61 bO phan hop thanh ccia bao cao tai chinh hop nha't nay 	
3

CONG TY 
Co .PHA D4U11.! 
2 HA:, TANG KY 1HUA, T 
1.?  Hdcmimi 
* 	
TH,ANH PH6 
YV 
CONG TY CO PHAN €AU TLY HA TANG K? THUAT THANH PHO HO CHI MINH 
Mau B 01a - DN/HN  
BAO CAO TINH HINH TAI CHINH HQ? NHAT (ti6p theo) 
Tai ngay 31 thang 3 nam 2026 
Con VND 
NGUON VON 
C. NO pHAI TRA 
I. 	
Na ngAn han 
Ma 
so 
300 
310 
Thuy6t 
minh 
s6 cu6i ky 
So dau ky 
(Trinh bay lai) 
14 
25.346.639.574.508 
6.994.920.430.372 
25.567.783.329.754 
7.344.951.227.483 
1. 	
Phai tra ngu'o'i ban ngan han 
311 
V.16 
430.033 133.868 
495.789.657.352 
2. 	
Ngtyai mua tra tin triyen ng6n han 
312 
V.17 
113.713.639.146 
116.294.076.787 
a 
3. 	
Phai tra co tiro, lgi nhuan 
313 
31.498.728.515 
38.884.882.778 
NI
4. 	
Thue ve cac khoan phai n6p Nha 
nutec ng6n han 
314 
V.18 
44.148.316.094 
67.642.098.339 
5. 	
Phai tra ngutoi lao dOng 
315 
29.355.574.440 
41.090.006.381 
6. 	
Chi phi phai tra ng6n han 
316 
V.19 
182.701.814.095 
130.420.125.127 
7. 	
Doanh thu oho' phan bei ngAn han 
319 
2.289.108. 549 
1.509.062.507 
8. 	
Phai tra ngan han khac 
320 
V.20 
693.878.511.969 
729.393.349.471 
9. 	
Vay va ng thue tai chinh ngan han 
321 
V.21 
4 808.364. 069. 910 
5.045.888.282.703 
10. DV ph6ng phai tra ngan han 
322 
V.22 
632.399.813.634 
632.399.813.634 
11. Qu9 khen thuomg, phOc Iai 
323 
26. 537.720. 152 
45.639.872.404 
II. 	
Na dai han 
330 
18.351.719.144.136 
18.222.832.102.271 
1. 	
Doanh thu choe phan b6 dai han 
337 
7.213.964.063 
7.255.364.063 
2. 	
Phai tra dai han khac 
338 
V.20 
84.779.065.155 
86.495.629.767 
3. 	
Vay va ng thue tai chinh dai hat] 
339 
V.21 
16.893.580.854.921 
16.276.368.383.591 
4. 	
Trai phieu chuyen do' 
340 
V.23 
1.062.086.910.374 
1.551.678.288.780 
5. 	
Thu 	
thu nhap hoan lai phai tra 
342 
V.14 
293.400.486.206 
292.266.778.014 
6. 	
Du,  ph6ng phai tra dai han 
343 
V.22 
10.657.863.417 
8.767.658.056 
D. VON CHU SO' HU'U 
400 
V.24 
12.499.544.740.357 
11.957.108.313.065 
1. 	
Von g6p cOa chu sg hC.Fu 
411 
6.719.852.910.000 
6.254.504.210.000 
- Co phi6u ph6 th6ng c6 quyen 
bi6u guy& 
411a 
6.719.852.910.000 
6. 254. 504.210. 000 
2. 	
Thang du von 
412 
33.056.474.484 
33.056.474.484 
3. 	
Quyen chon chuyen dOi trai phieu 
413 
942.961.555.395 
942.961.555.395 
4. 	
V6n khac ct:Ja chu s& hau 
414 
6.660.084.447 
6.660.084.447 
5. 	
Qu9 clau tu' phat then 
418 
68.086.105.745 
68.086.105.745 
6. 	
Lai nhuan sau thue chua phan ph& 
420 
1.639.375.198.905 
1.621.156.274.302 
- LNST chua phan ph6i ICJ)/ k6 d6n 
cuoi kk trilby 
420a 
1.618.399.012.289 
1.606.044.486.476 
- LNST chua phan ph& ky nay 
420b 
20.976.186.616 
15.111.787.826 
7. 	
Lgi ich co long khOng kiem soat 
429 
3.089.552.411.381 
3.030.683.608.692 
TONG CONG NGUON VON 
440 
4.865 
37.524.891.642.819 
(440 = 300 + 400) 
Nguyen Thi Thanh Hwang 	
Ly Huynh Tait Giang 
Ngweri lap bleu 	
Ka toan tru,o,ng 
• * 
Le Quoc Binh 
NgtPeri Dal dien theo phaph* 
Phe duyet, ngay 29 thang 4 nam 2026 
Cac thuye't minh dinh kern la mot bd phan hop thanh caa bao cao tar chinh hop nhat nay 	
4

CONG TY 
CO PHAN DXU TV 
He, TAO KS THUAT 
THANH PHO 
HO CHiMI 
Aeo 
• 
• 
Nguyen Thi Thanh Hwang 	
Ly Huknh Trtic Giang 
Ngutri 14p bieu 	
Ke toan trtreyng 
Quoc Binh 
Ngtperi Dai then theo phap luat 
CONG TY CO PHAN DAU Ili HA TANG KY THUAT THANH PHO HO CHI MINH 
Mau B 02a - DN/HN  
BAO CAO KET QUA HOAT DQNG KINH DOANH HO'P NHAT 
QuY 1 nam 2026 
Dan vi: VND 
CHI TIEU 
1. 	
Doanh thu ban hang va cung cap 
Ma 
Thuyot 
minh 
Ky nay 
Ky tru,O,c 
dich vu 
01 
VI.1 
859.077.794.790 
721.287.742.607 
3 
2. 	
Cac khoan giam trii,  doanh thu 
02 
VI.1 
25.612.278.936 
25.664.376.336 
3. 	
Doanh thu thuAn vo ban hang va 
3 
cung cap dich vy (10 = 01 - 02) 
4. 	
Gia von hang ban 
5. 	
Lc7i nhuan gop v6 ban hang va cung 
10 
11 
VI.1 
VI .2 
833.465.515.854 
385.022.856.192 
695.623.366.271 
270.936.337.536 
<i
ii
 
it
cap dich vu (20 = 10-11) 
20 
448.442.659.662 
424.687.028.735 
6. 	
Lai/I6 cUa hoat ciOng ban, thanh ly bat 
Ong san dau tu' 
21 
7. 	
Doanh thu hoat d'Ong tai chinh 
22 
VI .3 
90.897.905.725 
170.165.679.287 
8. 	
Chi phi tai chinh 
23 
VI .4 
329. 384. 564. 835 
345.197.325.058 
- Trong c16: Chi phi di vay 
24 
342. 134.139. 835 
298. 670.688. 008 
9. 	
Chi phi ban hang 
25 
VI.5 
20.732.829.248 
21.487.101.350 
10. Chi phi quan ly doanh nghiep 
26 
VI.6 
104.277. 007. 863 
99.413.810.894 
11. Phan lai trong cong ty lien doanh. lien ket 
27 
V 13.c 
12. Lyi nhuan thuAn tir hoat d6ng kinh 
doanh {30 = 20 + 21 + (22 - 23) - (25 + 
26) + 27) 
30 
84.946.163.441 
128.754.470.720 
13. Thu nhap khac 
31 
Vl.7 
6.291.950.375 
153.863.774 
14. Chi phi khac 
32 
VI 8 
18.193.883.494 
18.814.475.674 
15. L6 khac (40 = 31 - 32) 
40 
(11.901.933.119) 
(18.660.611.900) 
16. Lai nhuan ke toan truNfec thug 
(50 = 30 + 40) 
50 
73.044.230.322 
110.093.858.820 
17. Chi phi thue TNDN hien hanh 
51 
VI .9 
26.430. 920. 615 
22. 090. 598.710 
18. Chi phi thue TNDN hoan lai 
52 
5.845.771.000 
(7.601.899.455) 
19. Lai nhuan sau thug thu nhap doanh 
nghiOp (60 = 50 - 51 - 52) 
60 
40.767.538.707 
95.605.159.565 
20. Lgi nhuan sau thue ci:Ja cong ty me 
61 
20.976.186.616 
18.073.806.169 
21. Lgi nhuan sau thue cua c6 clong khong 
kiem scat 
62 
19.791.352.091 
77 531.353.396 
22. Lai co, ban tren c6 phi6u 
70 
VI.10 
27 
34 
.502483 /1„, 	
27 
23. Lai suy giam tren c6 phi6u 
71 
VI.10 
34 
PhO duyet, ngay 29 thang 4 nam 2026 
Cac thuyet minh Binh kern la mc)t bO phan hop thanh ctia Pao cao tai chinh hop nhat nay 	
5

CONG TY CO PHAN DAU TU' HA TANG KY THUAT THANH PHO HO CHI MINH 
Mau B 03a - DN/HN 
BAO CAO LU'U CHUYEN TIEN TE HOP NHAT 
(Theo phtrang phap gian ti6p) 
Q4 1 nam 2026 
Dan vi: VND 
CHI TIEU 	
Ma s6 	
Ky nay 	
Ky trtpac 
I. LU'U CHUYEN TIEN TO' HOAT DQNG KINH DOANH 
1. 	
Lo'i nhuan trtrac thu6 
01 
73.044.230.322 
110.093.858.820 
2. 	
Di4u chinh cho cac khoan 
Khau hao TSCD, BDSDT va phan b6 10.i the 
P
thu'ang mai 
02 
236.019.525.738 
239.445.694.797 
Cac khoan du phong 
03 
(21.703.750.316) 
14.354.136.112 
1
Lai tb,  host d6ng dau tu, tai chinh 
05 
(82.806.692.954) 
(79.044.361.829) 
'H
Chi phi di vay 
06 
354.757.968.567 
331.815.377.380 
IN
Cac khoan dieu chinh khac 
07 
20.206.073.470 
(68.156.725.571) 
e
3. 	
L91 nhuan ti' hoat Ong kinh doanh 
0
trtrotc thay d6i von Iu'u Ong 
08 
579.517.354.827 
548.507.979.709 
Tang cac khogn phai thu 
09 
(22.870.324.592) 
(97.956.169.461) 
Tang hang ton kho 
10 
(229.951.157.963) 
(42.039.887.283) 
(Giam)/tang cac khoan phai tra (khong ke 
lai vay phai tra, thue thu nhap doanh nghiep 
phai n6p) 
11 
(7.663.886.960) 
68.293.572,580 
Giam/(tang) chi phi cho' phan b6 
12 
30.818.052.193 
(5.181.547.684) 
Gam chUmg khoan kinh doanh 
13 
694.087.705 
7.552.369.277 
Chi phi di vay da tra 
14 
(524.842.421.872) 
(556.762.371.131) 
Thu 	
thu nhap doanh nghiep da n6p 
15 
(44.866.979.508) 
(35.286.058.106) 
Tien chi khac cho hoat ci6ng kinh doanh 
17 
(23.958.607.148) 
(12.374.477.069) 
Lu'u chuy6n ti6n thuan tu' hoat Ong 
kinh doanh 
20 
(243.123.883.318) 
(125.246.589.168) 
II. LU'U CHUYEN TIEN TU' HOAT DONG DAU TU' 
1. 	
Tien chi de mua sam, xay dung TSCD va 
cac tai san dai han khac 	
21 
(544.897.036.526) 
(64.550.798.672) 
2. 	
Tien thu tir thanh Iy, nhuomg ban TSCD va 
cac tai san dai han khac 
22 
880.000.000 
89.696.969 
3. 	
Tien chi cho vay, mua cac tong cu no,  cua 
dan vi khac 
23 
(461.424.385.736) 
(835.507.341.801) 
4. 	
Tien thu h6i cho vay, ban lai cac tong cu 
na cua dan vi khac 
24 
714.220.000.000 
92.914.616.572 
5. 	
Men thu hOi dau tu' gOp \kin vac dan vi khac 
26 
5.500.000.000 
6. 	
Tien thu lai cho vay, co tirc va lai nhuan 
du'ac chia 
27 
46.344.746.688 
37.054.123.481 
Luu chuy6n ti6n thuAn tt'y host Ong au tu' 
30 
(239.376.675.574) 
(769.999.703.451) 
Cac thuyet minh ctinh kern la rn'Ot bo phOn hgp thanh cua Pao cao tai chinh hop nhjt nay 	
6",2404,extracted,https://static2.vietstock.vn/data/HOSE/2026/BCTC/VN/QUY%201/CII_Baocaotaichinh_Q1_2026_Hopnhat.pdf
CTG,2026,Q1,"Digitally signed by NGÂN HÀNG THNG MI C PHN CÔNG 
THNG VIT NAM
DN: C=VN, S=HÀ NI, L=Qun Hai Bà Trng, CN=NGÂN HÀNG 
THNG MI C PHN CÔNG THNG VIT NAM, 
OID.0.9.2342.19200300.100.1.1=MST:0100111948
Reason: I am the author of this document
Location: 
Date: 2026-04-28 18:35:20
NGÂN HÀNG THNG 
MI C PHN CÔNG 
THNG VIT NAM",54,extracted,https://static2.vietstock.vn/data/HOSE/2026/BCTC/VN/QUY%201/CTG_Baocaotaichinh_Q1_2026_Hopnhat.pdf
DCM,2026,Q1,"TẬP ĐOÀN CÔNG NGHIỆP - NĂNG LƯỢNG 
QUỐC GIA VIỆT NAM 
TỔNG CÔNG TY  
PHÂN BÓN DẦU KHÍ CÀ MAU 
 
CỘNG HÒA XÃ HỘI CHỦ NGHĨA VIỆT NAM 
Độc lập - Tự do - Hạnh phúc 
 
Số:          /PVCFC-IR 
V/v báo cáo tài chính quý 1 năm 2026 
      Cà Mau, ngày 24 tháng 4 năm 2026 
 
CÔNG BỐ THÔNG TIN TRÊN CỔNG THÔNG TIN ĐIỆN TỬ 
CỦA ỦY BAN CHỨNG KHOÁN NHÀ NƯỚC VÀ SGDCK TP.HCM 
 
                      Kính gửi:  - Ủy ban chứng khoán Nhà nước; 
              
- Sở giao dịch chứng khoán TP.HCM. 
 
Tên công ty: Công ty cổ phần - Tổng Công ty Phân bón Dầu khí Cà Mau  
Mã chứng khoán: DCM 
Địa chỉ trụ sở chính: Số 647-649 đường Ngô Quyền, Phường An Xuyên, Tỉnh Cà Mau. 
Điện thoại đi động: (0290) 3819 000                      Fax: (0290) 3590 501 
Người thực hiện công bố thông tin: Ông Đỗ Thành Hưng 
Địa chỉ: Số 647-649 đường Ngô Quyền, Phường An Xuyên, Tỉnh Cà Mau. 
Loại thông tin công bố:  
  Định kỳ               Bất thường (24h)             Bất thường (72h)             Yêu cầu 
 
Nội dung thông tin công bố: Báo cáo tài chính riêng và Báo cáo tài chính hợp nhất 
quý 1 năm 2026 của Tổng Công ty Phân bón Dầu khí Cà Mau. 
Thông tin này đã được công bố trên trang thông tin điện tử của Tổng Công ty Phân bón Dầu 
khí Cà Mau www.pvcfc.com.vn, mục Quan hệ Nhà đầu tư vào ngày 24/4/2026. 
Chúng tôi cam kết các thông tin công bố trên đây là đúng sự thật và hoàn toàn chịu trách 
nhiệm trước pháp luật về nội dung các thông tin đã được công bố. 
Nơi nhận: 
- Như trên; 
- HĐQT-PVCFC (để b/c); 
- BKS -PVCFC(để b/c); 
- TGĐ-PVCFC (để b/c); 
- Lưu: VT, TCKT, IR. 
Đính kèm: 
- BCTC riêng quý 1 năm 2026; 
- BCTC hợp nhất quý 1 năm 2026; 
- Công văn số 718/PVCFC-TCKT. 
 
NGƯỜI ĐƯỢC UQCBTT 
NGƯỜI PHỤ TRÁCH QUẢN TRỊ 
CÔNG TY 
 
 
 
 
  
 
Văn bản này được xác thực tại https://eoffice.pvcfc.com.vn/ với số định danh: 0300/CV-VPHĐQT
Văn bản này được xác thực tại https://eoffice.pvcfc.com.vn/ với số định danh: 0300/CV-VPHĐQT
Ký bởi: Đỗ Thành Hưng
Ngày ký: 24/04/2026 13:49:19
Tổ chức xác thực:VNPT SmartCA RS
719
CÔNG TY CỔ PHẦN 
- TỔNG CÔNG TY 
PHÂN BÓN DẦU 
KHÍ CÀ MAU
Digitally signed by 
CÔNG TY CỔ PHẦN - 
TỔNG CÔNG TY PHÂN 
BÓN DẦU KHÍ CÀ MAU 
Date: 2026.04.24 
23:26:20 +07'00'

Kính gửi: 
        - Sở giao dịch chứng khoán thành phố Hồ Chí Minh; 
                                      - Ủy ban chứng khoán Nhà nước. 
Thực hiện theo quy định tại Thông tư số 96/2020/TT-BTC ngày 16/11/2020 của Bộ Tài 
chính hướng dẫn về việc công bố thông tin trên thị trường chứng khoán, Công ty Cổ phần – 
Tổng Công ty Phân bón Dầu khí Cà Mau (PVCFC – mã chứng khoán DCM) giải trình biến 
động chỉ tiêu Lợi nhuận sau thuế thu nhập doanh nghiệp quý 1 năm 2026 so với năm 2025 như 
sau: 
                                                                                                     Đơn vị tính: tỷ đồng  
Chỉ tiêu 
Số liệu 
năm 
2026 
Số liệu 
năm 
2025 
Chênh lệch giữa số 
cùng kỳ năm 2026 so 
với  năm 2025 
Ghi 
chú 
Số tiền 
% 
  
(1) 
(2) 
(3) 
(4)=(2)-(3) (5)=(4)/(3)
(6) 
Báo cáo tài chính riêng 
Doanh thu bán hàng và cung cấp dịch vụ 
5.040,90 
3.215,53 
1.825,38 
56,77% 
Giá vốn hàng bán 
3.606,35 
2.196,53 
1.409,82 
64,18% 
Tổng lợi nhuận kế toán trước thuế 
859,40 
454,73 
404,67 
88,99% 
Lợi nhuận sau thuế TNDN 
771,35 
414,30 
357,05 
86,18% 
Báo cáo tài chính hợp nhất 
Doanh thu bán hàng và cung cấp dịch vụ 
5.430,80 
3.572,12 
1.858,67 
52,03% 
Giá vốn hàng bán 
3.939,60 
2.521,56 
1.418,04 
56,24% 
Tổng lợi nhuận kế toán trước thuế 
877,72 
453,85 
423,88 
93,40% 
Lợi nhuận sau thuế TNDN 
788,63 
412,11 
376,52 
91,36% 
 
Lợi nhuận sau thuế TNDN báo cáo hợp nhất quý 1 năm 2026 của PVCFC tăng so với 
cùng kỳ năm trước do một số nguyên nhân sau: 
- Doanh thu bán hàng và cung cấp dịch vụ trên báo cáo tài chính hợp nhất của công ty 
tăng hơn 1,858 tỷ đồng (tương đương 52%) so với cùng kỳ năm trước 
- Chi phí giá vốn hàng bán trên báo cáo tài chính hợp nhất tăng hơn 1.418 tỷ đồng (tương 
đương 56%) so với cùng kỳ năm trước 
 
TẬP ĐOÀN CÔNG NGHIỆP- NĂNG LƯỢNG 
QUỐC GIA VIỆT NAM 
TỔNG CÔNG TY  
PHÂN BÓN DẦU KHÍ CÀ MAU
     
CỘNG HÒA XÃ HỘI CHỦ NGHĨA VIỆT NAM 
       Độc lập - Tự do – Hạnh phúc 
Số:         /PVCFC-TCKT 
Vv giải trình biến động lợi nhuận sau thuế thu nhập 
doanh nghiệp quý 1 năm 2026 so với 2025
                   Cà Mau, ngày    tháng    năm 2026 
Văn bản này được xác thực tại https://eoffice.pvcfc.com.vn/ với số định danh: 0032/CV-TC
Văn bản này được xác thực tại https://eoffice.pvcfc.com.vn/ với số định danh: 0032/CV-TC
718
24
04

-  Do sự gia tăng doanh thu cao hơn giá vốn hàng bán dẫn đến lợi nhuận sau thuế thu 
nhập doanh nghiệp trên báo cáo tài chính hợp nhất của công ty tăng gần 377 tỷ(tương đương 
91%) so với cùng kỳ năm trước 
Trên đây là toàn bộ nội dung giải trình của Công ty về tình hình biến động lợi nhuận sau 
thuế thu nhập doanh nghiệp quý 1 năm 2026.  
Trân trọng./. 
 
Nơi nhận: 
- Như trên; 
- HĐQT - PVCFC (để b/c); 
- BKS - PVCFC (để b/c); 
- TGĐ - PVCFC (để b/c); 
-  Lưu VT; Ban TCKT; Tổ IR. 
 
       KT.TỔNG GIÁM ĐỐC 
        PHÓ TỔNG GIÁM ĐỐC 
 
 
 
 
 
 
         
       
         
 
 
 
 
Văn bản này được xác thực tại https://eoffice.pvcfc.com.vn/ với số định danh: 0032/CV-TC
Văn bản này được xác thực tại https://eoffice.pvcfc.com.vn/ với số định danh: 0032/CV-TC
Ký bởi: Trần Chí Nguyện
Ngày ký: 24/04/2026 12:14:47
Tổ chức xác thực:VNPT SmartCA RS",972,extracted,https://static2.vietstock.vn/data/HOSE/2026/BCTC/VN/QUY%201/DCM_Baocaotaichinh_Q1_2026_Hopnhat.pdf
