item,item_id,2026-Q3,2026-Q2,2025-Q4,2026-Q1,ticker
Thu nhập trên mỗi cổ phần của 4 quý gần nhất (EPS),trailing_eps,739.08,840.57,1008.57,1174.63,HSG
Giá trị sổ sách của cổ phiếu (BVPS),book_value_per_share_bvps,18126.0,18486.0,18320.0,18254.0,HSG
Chỉ số giá thị trường trên thu nhập (P/E),pe_ratio,25.71,13.92,14.72,13.41,HSG
Chỉ số giá thị trường trên giá trị sổ sách (P/B),pb_ratio,1.05,0.82,0.81,0.86,HSG
Chỉ số giá thị trường trên doanh thu thuần (P/S),ps_ratio,1.24,1.05,1.1,1.17,HSG
Tỷ suất cổ tức,dividend_yield,0.03,0.0,3.16,2.99,HSG
Beta,beta,1.35,0.88,1.03,1.25,HSG
Giá trị doanh nghiệp trên lợi nhuận trước thuế và lãi vay (EV/EBIT),ev_ebit,46.29,65.75,101.58,90.85,HSG
"Giá trị doanh nghiệp trên lợi nhuận trước thuế, khấu hao và lãi vay (EV/EBITDA)",ev_ebitda,0.0,0.0,0.0,0.0,HSG
Tỷ suất lợi nhuận gộp biên,gross_margin,12.75,11.73,11.2,12.22,HSG
Tỷ lệ lãi EBIT,ebit_margin,3.5,2.95,1.77,1.89,HSG
Tỷ lệ lãi EBITDA,ebitda_net_revenue,4.93,5.03,4.52,3.56,HSG
Tỷ suất sinh lợi trên doanh thu thuần,net_margin,2.88,1.32,0.74,1.01,HSG
Tỷ suất lợi nhuận trên vốn chủ sở hữu bình quân (ROEA),roe,2.43,1.04,0.55,0.75,HSG
Tỷ suất sinh lợi trên vốn dài hạn bình quân (ROCE),return_on_capital_employed_roce,2.95,2.31,1.31,1.4,HSG
Tỷ suất sinh lợi trên tổng tài sản bình quân (ROAA),roa,1.49,0.54,0.31,0.44,HSG
ROE bình quân 4 quý gần nhất,roe_trailling,4.12,4.76,5.54,6.49,HSG
ROA bình quân 4 quý gần nhất,roa_trailling,2.41,2.62,3.27,3.87,HSG
Tăng trưởng  doanh thu thuần,net_revenue,-12.28,6.1,-17.99,-17.33,HSG
Tăng trưởng  lợi nhuận gộp,gross_profit,-9.28,-2.22,-22.14,20.31,HSG
Tăng trưởng lợi nhuận trước thuế ,profit_before_tax,1.07,-31.2,-48.99,0.0,HSG
Tăng trưởng lợi nhuận sau thuế của CĐ công ty mẹ,profit_after_tax_for_shareholders_of_the_parent_company,0.14,-42.21,-62.3,0.0,HSG
Tăng trưởng tổng tài sản,total_assets,-2.96,32.35,6.35,-3.13,HSG
Tăng trưởng nợ dài hạn,long_term_liabilities,4.23,4.38,4.36,-0.74,HSG
Tăng trưởng nợ phải trả,liabilities,-8.48,88.33,11.54,-11.96,HSG
Tăng trưởng vốn chủ sở hữu,owners_equity,1.33,1.49,2.3,3.87,HSG
Tăng trưởng vốn điều lệ,charter_capital,0.81,0.0,0.0,0.81,HSG
Tỷ số thanh toán bằng tiền mặt,cash_ratio,0.09,0.08,0.09,0.06,HSG
Tỷ số thanh toán nhanh,quick_ratio,0.56,0.41,0.42,0.46,HSG
"Tỷ số thanh toán nhanh  (Đã loại trừ HTK, Phải thu ngắn hạn - Tham khảo)",quick_ratio_except_inventories_short_term_receivables_reference,0.1,0.09,0.1,0.07,HSG
Tỷ số thanh toán hiện hành (ngắn hạn),short_term_ratio,1.58,1.28,1.39,1.54,HSG
Khả năng thanh toán lãi vay,interest_coverage,7.82,2.44,2.85,3.36,HSG
Vòng quay phải thu khách hàng,receivables_turnover,4.23,4.82,5.25,4.15,HSG
Thời gian thu tiền khách hàng bình quân,days_of_sales_outstanding,86.32,75.69,69.59,87.96,HSG
Vòng quay hàng tồn kho,inventory_turnover,1.03,0.81,0.84,0.9,HSG
Thời gian tồn kho bình quân,days_of_inventory_on_hand,353.49,452.37,432.41,404.05,HSG
Vòng quay phải trả nhà cung cấp,payables_turnover,4.47,3.23,3.35,3.65,HSG
Thời gian trả tiền khách hàng bình quân,number_of_days_of_payables,81.7,112.92,109.05,100.0,HSG
Vòng quay tài sản cố định (Hiệu suất sử dụng tài sản cố định),fixed_asset_turnover,2.4,2.14,2.02,2.09,HSG
Vòng quay tổng tài sản (Hiệu suất sử dụng toàn bộ tài sản),total_asset_turnover,0.52,0.4,0.42,0.44,HSG
Vòng quay vốn chủ sở hữu,equity_turnover,0.84,0.78,0.74,0.74,HSG
Tỷ số Nợ ngắn hạn trên Tổng nợ phải trả,short_term_liabilities_to_total_liabilities,99.79,99.85,99.82,99.79,HSG
Tỷ số Nợ vay trên Tổng tài sản,debt_to_assets,24.19,35.6,29.17,23.24,HSG
Tỷ số Nợ trên Tổng tài sản,liabilities_to_assets,41.19,50.57,45.98,40.18,HSG
Tỷ số Vốn chủ sở hữu trên Tổng tài sản,equity_to_assets,58.81,49.43,54.02,59.82,HSG
Tỷ số Nợ ngắn hạn trên Vốn chủ sở hữu,short_term_liabilities_to_equity,69.9,102.16,84.96,67.03,HSG
Tỷ số Nợ vay trên Vốn chủ sở hữu,debt_to_equity,41.14,72.02,54.0,38.85,HSG
Tỷ số Nợ trên Vốn chủ sở hữu,liabilities_to_equity,70.05,102.31,85.11,67.18,HSG
Tỷ số dòng tiền HĐKD trên doanh thu thuần,accrual_ratio_cf,0.0,0.0,-11.43,0.0,HSG
Khả năng chi trả nợ ngắn hạn từ dòng tiền HĐKD,cash_to_income,0.0,0.0,-9.91,0.0,HSG
Khả năng chi trả nợ ngắn hạn từ lưu chuyển tiền thuần trong kỳ,net_cash_flows_short_term_liabilities,0.0,0.0,4.45,0.0,HSG
Tỷ lệ dồn tích (Phương pháp Cân đối kế toán),accrual_ratio_balance_sheet_method,0.0,0.0,0.0,0.0,HSG
Tỷ lệ dồn tích (Phương pháp Dòng tiền),accrual_ratio_cash_flow_method,0.0,0.0,0.0,0.0,HSG
Dòng tiền từ HĐKD trên Tổng tài sản,cash_return_to_assets,0.0,0.0,-4.55,0.0,HSG
Dòng tiền từ HĐKD trên Vốn chủ sở hữu,cash_return_on_equity,0.0,0.0,-8.42,0.0,HSG
Dòng tiền từ HĐKD trên Lợi nhuận thuần từ HĐKD,cash_to_income_2,0.0,0.0,-1178.69,0.0,HSG
Khả năng thanh toán nợ từ dòng tiền HĐKD,debt_coverage,0.0,0.0,-9.89,0.0,HSG
Dòng tiền từ HĐKD trên mỗi cổ phần (CPS),cash_flow_per_share_cps,0.0,0.0,-1542.4,0.0,HSG
