time,open,high,low,close,volume,ticker
2019-01-02 07:00:00,9.24,9.45,9.13,9.13,2156400,KBC
2019-01-03 07:00:00,9.13,9.38,9.1,9.2,3564940,KBC
2019-01-04 07:00:00,9.06,9.66,9.06,9.66,4392690,KBC
2019-01-07 07:00:00,9.84,9.87,9.63,9.73,2175800,KBC
2019-01-08 07:00:00,9.7,9.87,9.66,9.77,3023140,KBC
2019-01-09 07:00:00,9.84,9.84,9.63,9.63,3089530,KBC
2019-01-10 07:00:00,9.63,9.73,9.49,9.63,2572990,KBC
2019-01-11 07:00:00,9.63,9.73,9.63,9.7,2013520,KBC
2019-01-14 07:00:00,9.66,9.66,9.49,9.49,2121870,KBC
2019-01-15 07:00:00,9.49,9.66,9.49,9.66,2097550,KBC
2019-01-16 07:00:00,9.73,9.98,9.7,9.91,4718900,KBC
2019-01-17 07:00:00,9.91,10.01,9.87,9.91,2127670,KBC
2019-01-18 07:00:00,9.91,9.91,9.77,9.8,1969790,KBC
2019-01-21 07:00:00,9.84,10.12,9.77,9.94,2887150,KBC
2019-01-22 07:00:00,9.98,10.05,9.77,9.77,2082570,KBC
2019-01-23 07:00:00,9.73,9.8,9.59,9.73,2769030,KBC
2019-01-24 07:00:00,9.73,9.84,9.7,9.77,2003570,KBC
2019-01-25 07:00:00,9.84,9.94,9.8,9.87,2389610,KBC
2019-01-28 07:00:00,9.87,10.15,9.87,10.01,2502040,KBC
2019-01-29 07:00:00,10.05,10.05,9.91,9.98,1773970,KBC
2019-01-30 07:00:00,9.98,10.01,9.8,9.8,2504630,KBC
2019-01-31 07:00:00,10.05,10.12,9.84,9.91,3285060,KBC
2019-02-01 07:00:00,9.91,10.05,9.77,10.05,1841650,KBC
2019-02-11 07:00:00,10.01,10.29,10.01,10.19,2718920,KBC
2019-02-12 07:00:00,10.19,10.33,10.12,10.19,3369210,KBC
2019-02-13 07:00:00,10.19,10.22,10.08,10.08,2836500,KBC
2019-02-14 07:00:00,10.08,10.12,9.91,10.01,2957870,KBC
2019-02-15 07:00:00,10.01,10.12,9.94,10.05,2259670,KBC
2019-02-18 07:00:00,10.12,10.64,10.05,10.64,6996250,KBC
2019-02-19 07:00:00,10.68,10.68,10.33,10.33,4771360,KBC
2019-02-20 07:00:00,10.4,10.43,10.26,10.33,2527940,KBC
2019-02-21 07:00:00,10.33,10.61,10.26,10.33,5017610,KBC
2019-02-22 07:00:00,10.36,10.43,10.19,10.26,2695970,KBC
2019-02-25 07:00:00,10.33,10.36,10.12,10.26,2712750,KBC
2019-02-26 07:00:00,10.26,10.36,10.22,10.33,2969650,KBC
2019-02-27 07:00:00,10.4,10.61,10.36,10.54,4031520,KBC
2019-02-28 07:00:00,10.54,10.57,10.19,10.22,2887040,KBC
2019-03-01 07:00:00,10.29,10.4,10.22,10.4,2428530,KBC
2019-03-04 07:00:00,10.5,10.54,10.43,10.47,3101900,KBC
2019-03-05 07:00:00,10.47,10.5,10.36,10.4,2179830,KBC
2019-03-06 07:00:00,10.43,10.96,10.4,10.68,4802210,KBC
2019-03-07 07:00:00,10.75,10.79,10.54,10.54,2126220,KBC
2019-03-08 07:00:00,10.54,10.61,10.4,10.57,3731070,KBC
2019-03-11 07:00:00,10.64,10.86,10.61,10.82,4993740,KBC
2019-03-12 07:00:00,10.89,11.0,10.79,10.79,4473650,KBC
2019-03-13 07:00:00,10.79,10.89,10.75,10.79,2825950,KBC
2019-03-14 07:00:00,10.89,10.89,10.71,10.75,3715140,KBC
2019-03-15 07:00:00,10.79,10.82,10.64,10.82,3625000,KBC
2019-03-18 07:00:00,10.89,10.93,10.79,10.82,1980130,KBC
2019-03-19 07:00:00,10.86,11.07,10.75,10.89,3943440,KBC
2019-03-20 07:00:00,10.89,10.89,10.61,10.68,4124860,KBC
2019-03-21 07:00:00,10.71,10.71,10.19,10.33,5765900,KBC
2019-03-22 07:00:00,10.33,10.36,10.12,10.26,3406660,KBC
2019-03-25 07:00:00,10.05,10.19,9.87,9.98,3500240,KBC
2019-03-26 07:00:00,10.12,10.12,9.91,10.01,1634410,KBC
2019-03-27 07:00:00,10.05,10.15,9.98,10.15,1849730,KBC
2019-03-28 07:00:00,10.05,10.22,10.05,10.19,1424890,KBC
2019-03-29 07:00:00,10.22,10.33,10.19,10.33,2500820,KBC
2019-04-01 07:00:00,10.36,10.4,10.29,10.33,1885910,KBC
2019-04-02 07:00:00,10.4,10.43,10.26,10.29,2156870,KBC
2019-04-03 07:00:00,10.33,10.4,10.26,10.36,2159630,KBC
2019-04-04 07:00:00,10.47,10.57,10.43,10.47,2134720,KBC
2019-04-05 07:00:00,10.54,10.61,10.54,10.61,2096590,KBC
2019-04-08 07:00:00,10.61,10.64,10.57,10.61,2162630,KBC
2019-04-09 07:00:00,10.61,10.71,10.5,10.54,2753670,KBC
2019-04-10 07:00:00,10.47,10.5,10.36,10.47,1839270,KBC
2019-04-11 07:00:00,10.54,10.54,10.36,10.5,1366210,KBC
2019-04-12 07:00:00,10.47,10.5,10.43,10.5,1304210,KBC
2019-04-16 07:00:00,10.5,10.5,10.29,10.47,2105080,KBC
2019-04-17 07:00:00,10.43,10.5,10.22,10.22,2437600,KBC
2019-04-18 07:00:00,10.15,10.22,10.05,10.12,1871590,KBC
2019-04-19 07:00:00,10.19,10.19,10.01,10.15,1326560,KBC
2019-04-22 07:00:00,10.08,10.19,9.94,9.98,1238260,KBC
2019-04-23 07:00:00,9.98,10.19,9.98,10.19,1352220,KBC
2019-04-24 07:00:00,10.26,10.29,10.19,10.29,1788950,KBC
2019-04-25 07:00:00,10.29,10.36,10.26,10.29,1995840,KBC
2019-04-26 07:00:00,10.33,10.33,10.15,10.15,1950180,KBC
2019-05-02 07:00:00,10.08,10.08,9.63,9.7,3092130,KBC
2019-05-03 07:00:00,9.63,9.77,9.59,9.7,1348410,KBC
2019-05-06 07:00:00,9.63,9.63,9.34,9.49,1340290,KBC
2019-05-07 07:00:00,9.52,9.66,9.49,9.66,1673600,KBC
2019-05-08 07:00:00,9.49,9.63,9.49,9.56,1228650,KBC
2019-05-09 07:00:00,9.56,9.63,9.41,9.56,1243550,KBC
2019-05-10 07:00:00,9.56,9.59,9.49,9.56,1408210,KBC
2019-05-13 07:00:00,9.63,9.91,9.59,9.87,1866060,KBC
2019-05-14 07:00:00,9.91,10.22,9.87,9.91,3168800,KBC
2019-05-15 07:00:00,10.05,10.12,9.91,10.05,2192550,KBC
2019-05-16 07:00:00,10.19,10.19,10.01,10.05,1569160,KBC
2019-05-17 07:00:00,10.05,10.05,9.8,9.84,1820810,KBC
2019-05-20 07:00:00,9.84,9.98,9.84,9.91,2032830,KBC
2019-05-21 07:00:00,9.98,10.08,9.91,9.91,2113050,KBC
2019-05-22 07:00:00,9.87,9.98,9.87,9.87,1572980,KBC
2019-05-23 07:00:00,9.98,9.98,9.77,9.87,1485140,KBC
2019-05-24 07:00:00,9.91,9.98,9.77,9.91,1442470,KBC
2019-05-27 07:00:00,9.94,9.98,9.87,9.91,1562970,KBC
2019-05-28 07:00:00,9.98,10.26,9.87,10.15,3171050,KBC
2019-05-29 07:00:00,10.19,10.26,10.12,10.19,2545010,KBC
2019-05-30 07:00:00,10.26,10.26,10.15,10.15,1571570,KBC
2019-05-31 07:00:00,10.22,10.47,10.05,10.12,3142750,KBC
2019-06-03 07:00:00,10.05,10.19,9.91,10.05,1455930,KBC
2019-06-04 07:00:00,9.98,10.12,9.98,10.12,1691960,KBC
2019-06-05 07:00:00,10.22,10.22,10.01,10.01,1609200,KBC
2019-06-06 07:00:00,10.12,10.12,9.98,10.01,1762120,KBC
2019-06-07 07:00:00,10.08,10.22,10.08,10.22,2413810,KBC
2019-06-10 07:00:00,10.36,10.4,10.22,10.26,2384220,KBC
2019-06-11 07:00:00,10.29,10.4,10.26,10.33,2111870,KBC
2019-06-12 07:00:00,10.4,10.4,10.26,10.26,1801080,KBC
2019-06-13 07:00:00,10.26,10.26,10.12,10.15,1987490,KBC
2019-06-14 07:00:00,10.12,10.22,10.12,10.15,1460470,KBC
2019-06-17 07:00:00,10.15,10.19,10.08,10.15,1369040,KBC
2019-06-18 07:00:00,10.22,10.22,10.08,10.12,1421730,KBC
2019-06-19 07:00:00,10.12,10.22,10.12,10.12,1166120,KBC
2019-06-20 07:00:00,10.12,10.15,9.98,9.98,2277280,KBC
2019-06-21 07:00:00,9.98,10.01,9.91,9.98,1885120,KBC
2019-06-24 07:00:00,9.91,9.98,9.91,9.98,1348800,KBC
2019-06-25 07:00:00,9.98,10.12,9.91,10.12,1431720,KBC
2019-06-26 07:00:00,10.15,10.15,10.01,10.01,1384890,KBC
2019-06-27 07:00:00,10.01,10.08,9.94,10.05,1795000,KBC
2019-06-28 07:00:00,10.05,10.05,9.91,9.98,1867410,KBC
2019-07-01 07:00:00,10.01,10.4,10.01,10.4,4597950,KBC
2019-07-02 07:00:00,10.4,10.61,10.4,10.47,4089700,KBC
2019-07-03 07:00:00,10.4,10.5,10.4,10.47,1817500,KBC
2019-07-04 07:00:00,10.5,10.61,10.47,10.54,3157220,KBC
2019-07-05 07:00:00,10.57,10.82,10.54,10.79,3682150,KBC
2019-07-08 07:00:00,10.79,10.89,10.68,10.82,2590020,KBC
2019-07-09 07:00:00,10.82,10.82,10.71,10.79,1462820,KBC
2019-07-10 07:00:00,10.82,10.82,10.71,10.75,2148130,KBC
2019-07-11 07:00:00,10.79,10.82,10.64,10.71,1909450,KBC
2019-07-12 07:00:00,10.82,10.82,10.64,10.64,1645760,KBC
2019-07-15 07:00:00,10.82,10.82,10.61,10.71,1622930,KBC
2019-07-16 07:00:00,10.75,10.75,10.68,10.68,1421330,KBC
2019-07-17 07:00:00,10.61,10.97,10.61,10.97,3699600,KBC
2019-07-18 07:00:00,10.9,10.97,10.86,10.97,1842760,KBC
2019-07-19 07:00:00,11.01,11.33,11.01,11.22,5538340,KBC
2019-07-22 07:00:00,11.19,11.33,11.15,11.33,3600250,KBC
2019-07-23 07:00:00,11.26,11.33,11.11,11.15,1908960,KBC
2019-07-24 07:00:00,11.22,11.22,11.11,11.22,1734170,KBC
2019-07-25 07:00:00,11.15,11.22,11.11,11.19,1703100,KBC
2019-07-26 07:00:00,11.11,11.19,11.11,11.19,1152040,KBC
2019-07-29 07:00:00,11.26,11.26,11.04,11.11,1415500,KBC
2019-07-30 07:00:00,11.11,11.11,10.75,10.75,2679590,KBC
2019-07-31 07:00:00,10.71,10.82,10.68,10.71,2323220,KBC
2019-08-01 07:00:00,10.71,10.97,10.68,10.97,1939230,KBC
2019-08-02 07:00:00,10.82,11.11,10.82,11.08,2643690,KBC
2019-08-05 07:00:00,11.04,11.08,10.86,10.9,1626740,KBC
2019-08-06 07:00:00,10.75,11.66,10.61,11.62,6426110,KBC
2019-08-07 07:00:00,10.75,11.91,11.4,11.44,3500390,KBC
2019-08-08 07:00:00,11.4,11.51,11.33,11.33,2961730,KBC
2019-08-09 07:00:00,11.33,11.51,11.3,11.3,3749560,KBC
2019-08-12 07:00:00,11.33,11.77,11.3,11.73,3040630,KBC
2019-08-13 07:00:00,11.55,11.8,11.4,11.44,2899120,KBC
2019-08-14 07:00:00,11.55,11.59,11.22,11.22,2929760,KBC
2019-08-15 07:00:00,10.97,11.22,10.9,11.11,2215890,KBC
2019-08-16 07:00:00,11.22,11.51,11.15,11.19,2372250,KBC
2019-08-19 07:00:00,11.22,11.4,11.19,11.37,1871550,KBC
2019-08-20 07:00:00,11.4,11.51,11.3,11.4,2183930,KBC
2019-08-21 07:00:00,11.4,11.59,11.22,11.22,2553980,KBC
2019-08-22 07:00:00,11.33,11.4,11.19,11.4,2233440,KBC
2019-08-23 07:00:00,11.33,11.4,11.26,11.26,1175660,KBC
2019-08-26 07:00:00,11.26,11.59,11.26,11.37,2993540,KBC
2019-08-27 07:00:00,11.4,11.48,11.3,11.3,1318770,KBC
2019-08-28 07:00:00,11.3,11.4,11.26,11.26,1027950,KBC
2019-08-29 07:00:00,11.37,11.8,11.3,11.77,4877960,KBC
2019-08-30 07:00:00,11.8,11.91,11.62,11.66,1527040,KBC
2019-09-03 07:00:00,11.73,11.88,11.55,11.55,3121890,KBC
2019-09-04 07:00:00,11.73,11.51,11.3,11.4,2879830,KBC
2019-09-05 07:00:00,11.4,11.55,11.26,11.26,1418820,KBC
2019-09-06 07:00:00,11.37,11.4,11.26,11.26,1520000,KBC
2019-09-09 07:00:00,11.33,11.33,11.19,11.22,1906710,KBC
2019-09-10 07:00:00,11.3,11.33,11.19,11.26,1987000,KBC
2019-09-11 07:00:00,11.3,11.3,11.15,11.26,1433550,KBC
2019-09-12 07:00:00,11.26,11.4,11.22,11.33,1431090,KBC
2019-09-13 07:00:00,11.44,11.44,11.26,11.33,1548670,KBC
2019-09-16 07:00:00,11.37,11.4,11.15,11.4,2071460,KBC
2019-09-17 07:00:00,11.4,11.4,11.26,11.33,1686080,KBC
2019-09-18 07:00:00,11.48,11.48,11.26,11.26,1743470,KBC
2019-09-19 07:00:00,11.26,11.26,11.01,11.11,2226750,KBC
2019-09-20 07:00:00,11.08,11.15,10.9,10.9,2655390,KBC
2019-09-23 07:00:00,10.86,10.9,10.68,10.75,2008140,KBC
2019-09-24 07:00:00,10.82,10.9,10.75,10.9,1600800,KBC
2019-09-25 07:00:00,10.9,10.9,10.71,10.82,1077770,KBC
2019-09-26 07:00:00,10.75,10.86,10.64,10.79,1843530,KBC
2019-09-27 07:00:00,10.79,10.86,10.68,10.79,1296030,KBC
2019-09-30 07:00:00,10.9,11.01,10.9,10.9,1459440,KBC
2019-10-01 07:00:00,11.01,11.15,10.93,11.15,1497760,KBC
2019-10-02 07:00:00,11.15,11.19,11.01,11.04,1084490,KBC
2019-10-03 07:00:00,10.53,11.04,10.53,11.04,926370,KBC
2019-10-04 07:00:00,10.93,11.04,10.82,10.9,966590,KBC
2019-10-07 07:00:00,10.86,10.93,10.75,10.86,1115600,KBC
2019-10-08 07:00:00,10.86,10.97,10.86,10.97,1181980,KBC
2019-10-09 07:00:00,10.9,11.11,10.9,11.11,1091750,KBC
2019-10-10 07:00:00,11.11,11.19,11.04,11.08,1256320,KBC
2019-10-11 07:00:00,11.11,11.11,11.01,11.04,934430,KBC
2019-10-14 07:00:00,11.08,11.08,10.97,11.04,1242180,KBC
2019-10-15 07:00:00,11.04,11.11,11.04,11.08,742750,KBC
2019-10-16 07:00:00,11.15,11.15,11.01,11.04,1095140,KBC
2019-10-17 07:00:00,11.04,11.15,11.04,11.11,1237910,KBC
2019-10-18 07:00:00,11.08,11.22,11.04,11.22,1353830,KBC
2019-10-21 07:00:00,11.33,11.4,11.26,11.4,1425860,KBC
2019-10-22 07:00:00,11.4,11.44,11.33,11.44,1669340,KBC
2019-10-23 07:00:00,11.48,11.55,11.26,11.26,1536830,KBC
2019-10-24 07:00:00,11.41,11.41,11.26,11.3,918920,KBC
2019-10-25 07:00:00,11.3,11.41,11.26,11.3,959290,KBC
2019-10-28 07:00:00,11.33,11.48,11.33,11.45,982870,KBC
2019-10-29 07:00:00,11.48,11.48,11.37,11.45,985020,KBC
2019-10-30 07:00:00,11.45,11.48,11.33,11.41,935690,KBC
2019-10-31 07:00:00,11.26,11.33,10.88,10.96,2362590,KBC
2019-11-01 07:00:00,10.96,10.96,10.88,10.92,1735120,KBC
2019-11-04 07:00:00,10.96,10.96,10.7,10.73,1858650,KBC
2019-11-05 07:00:00,10.81,10.88,10.73,10.81,1046790,KBC
2019-11-06 07:00:00,10.81,10.81,10.7,10.73,961070,KBC
2019-11-07 07:00:00,10.73,10.92,10.73,10.88,1396500,KBC
2019-11-08 07:00:00,10.96,10.96,10.85,10.88,1248460,KBC
2019-11-11 07:00:00,10.88,10.92,10.85,10.88,852950,KBC
2019-11-12 07:00:00,10.92,11.11,10.88,11.07,1380010,KBC
2019-11-13 07:00:00,11.11,11.11,11.03,11.07,957810,KBC
2019-11-14 07:00:00,11.11,11.18,11.03,11.18,1351190,KBC
2019-11-15 07:00:00,11.26,11.26,11.15,11.18,844970,KBC
2019-11-18 07:00:00,11.18,11.18,11.03,11.07,1282430,KBC
2019-11-19 07:00:00,11.15,11.18,11.07,11.15,982430,KBC
2019-11-20 07:00:00,11.22,11.52,11.18,11.41,2740150,KBC
2019-11-21 07:00:00,11.41,11.48,11.3,11.41,1185380,KBC
2019-11-22 07:00:00,11.48,11.56,11.33,11.45,1785330,KBC
2019-11-25 07:00:00,11.45,11.63,11.45,11.56,1879140,KBC
2019-11-26 07:00:00,11.67,11.86,11.56,11.56,2232220,KBC
2019-11-27 07:00:00,11.71,11.71,11.52,11.56,1881420,KBC
2019-11-28 07:00:00,11.6,11.6,11.26,11.41,1019360,KBC
2019-11-29 07:00:00,11.15,11.52,11.15,11.52,1122150,KBC
2019-12-02 07:00:00,11.63,11.63,11.48,11.48,1069880,KBC
2019-12-03 07:00:00,11.52,11.52,10.96,10.96,1438560,KBC
2019-12-04 07:00:00,10.96,11.15,10.96,11.07,1070830,KBC
2019-12-05 07:00:00,11.07,11.3,11.03,11.03,927920,KBC
2019-12-06 07:00:00,11.11,11.22,11.03,11.18,956980,KBC
2019-12-09 07:00:00,11.18,11.18,10.92,10.96,1463990,KBC
2019-12-10 07:00:00,11.11,11.15,10.96,11.07,2243750,KBC
2019-12-11 07:00:00,10.96,11.07,10.81,10.88,2457290,KBC
2019-12-12 07:00:00,10.88,10.96,10.73,10.96,2071280,KBC
2019-12-13 07:00:00,10.96,11.03,10.88,11.03,1668180,KBC
2019-12-16 07:00:00,11.03,11.03,10.88,10.96,1411020,KBC
2019-12-17 07:00:00,10.92,11.15,10.92,11.07,1929340,KBC
2019-12-18 07:00:00,11.03,11.18,10.77,11.07,1802470,KBC
2019-12-19 07:00:00,11.03,11.18,11.03,11.15,4333060,KBC
2019-12-20 07:00:00,11.18,11.48,11.15,11.45,5773660,KBC
2019-12-23 07:00:00,11.45,11.63,11.37,11.63,5815210,KBC
2019-12-24 07:00:00,11.63,11.67,11.37,11.56,2035460,KBC
2019-12-25 07:00:00,11.26,11.63,11.26,11.6,2756990,KBC
2019-12-26 07:00:00,11.33,11.6,11.33,11.56,2828240,KBC
2019-12-27 07:00:00,11.37,11.6,11.37,11.56,2392430,KBC
2019-12-30 07:00:00,11.56,11.63,11.41,11.6,2039070,KBC
2019-12-31 07:00:00,11.52,11.63,11.45,11.6,1951680,KBC
2020-01-02 07:00:00,11.48,11.6,11.33,11.41,3144560,KBC
2020-01-03 07:00:00,11.41,11.52,11.41,11.48,1330450,KBC
2020-01-06 07:00:00,11.41,11.52,11.3,11.33,2068260,KBC
2020-01-07 07:00:00,11.33,11.45,11.22,11.22,1505630,KBC
2020-01-08 07:00:00,11.18,11.48,11.03,11.41,3810860,KBC
2020-01-09 07:00:00,11.33,11.6,11.33,11.52,4258330,KBC
2020-01-10 07:00:00,11.37,11.56,11.33,11.56,2408330,KBC
2020-01-13 07:00:00,11.41,11.63,11.37,11.48,3111130,KBC
2020-01-14 07:00:00,11.26,12.27,11.26,12.27,7763200,KBC
2020-01-15 07:00:00,12.01,12.27,11.9,12.01,4040930,KBC
2020-01-16 07:00:00,11.9,12.16,11.6,11.86,3996540,KBC
2020-01-17 07:00:00,11.82,11.97,11.67,11.86,1878920,KBC
2020-01-20 07:00:00,11.82,11.9,11.3,11.37,3323610,KBC
2020-01-21 07:00:00,11.45,11.52,11.33,11.41,1374840,KBC
2020-01-22 07:00:00,11.41,11.52,11.37,11.48,946400,KBC
2020-01-30 07:00:00,11.37,11.48,11.15,11.15,1858120,KBC
2020-01-31 07:00:00,11.11,11.33,10.85,10.88,2372480,KBC
2020-02-03 07:00:00,10.73,11.03,10.4,10.96,2834800,KBC
2020-02-04 07:00:00,10.7,11.18,10.7,11.18,3193810,KBC
2020-02-05 07:00:00,11.11,11.3,11.03,11.11,1739900,KBC
2020-02-06 07:00:00,10.92,11.26,10.92,11.11,3808380,KBC
2020-02-07 07:00:00,11.03,11.18,10.96,11.0,1639280,KBC
2020-02-10 07:00:00,11.0,11.22,10.92,11.18,2814000,KBC
2020-02-11 07:00:00,11.11,11.26,11.11,11.15,1251210,KBC
2020-02-12 07:00:00,11.18,11.26,11.0,11.22,5330010,KBC
2020-02-13 07:00:00,11.15,11.26,11.0,11.26,1601040,KBC
2020-02-14 07:00:00,11.26,11.26,11.03,11.18,1461220,KBC
2020-02-17 07:00:00,11.0,11.22,10.96,10.96,2152740,KBC
2020-02-18 07:00:00,11.11,11.15,10.96,10.96,2125390,KBC
2020-02-19 07:00:00,11.11,11.37,10.96,11.26,4464250,KBC
2020-02-20 07:00:00,11.18,11.26,11.03,11.22,3772560,KBC
2020-02-21 07:00:00,11.15,11.26,11.03,11.26,2904140,KBC
2020-02-24 07:00:00,11.07,11.15,10.7,10.88,3633070,KBC
2020-02-25 07:00:00,10.51,11.0,10.51,11.0,2814620,KBC
2020-02-26 07:00:00,10.66,11.0,10.66,10.96,2381680,KBC
2020-02-27 07:00:00,10.96,10.96,10.7,10.92,1394590,KBC
2020-02-28 07:00:00,10.66,10.81,10.47,10.51,2565690,KBC
2020-03-02 07:00:00,10.7,10.92,10.55,10.92,3306950,KBC
2020-03-03 07:00:00,10.92,11.18,10.92,11.18,2621220,KBC
2020-03-04 07:00:00,11.07,11.22,10.88,11.15,3220470,KBC
2020-03-05 07:00:00,11.15,11.26,10.96,11.18,3398570,KBC
2020-03-06 07:00:00,11.11,11.18,10.92,11.03,2571710,KBC
2020-03-09 07:00:00,10.43,10.58,10.28,10.28,2501670,KBC
2020-03-10 07:00:00,9.83,10.81,9.83,10.1,1605260,KBC
2020-03-11 07:00:00,10.13,10.43,9.46,10.1,1047530,KBC
2020-03-12 07:00:00,9.65,9.65,9.42,9.42,1347860,KBC
2020-03-13 07:00:00,8.78,9.46,8.78,9.31,3406700,KBC
2020-03-16 07:00:00,9.16,9.35,8.67,9.01,2554160,KBC
2020-03-17 07:00:00,8.71,9.16,8.67,9.01,3241510,KBC
2020-03-18 07:00:00,9.01,9.12,8.71,8.71,1614800,KBC
2020-03-19 07:00:00,8.63,8.63,8.11,8.48,5885400,KBC
2020-03-20 07:00:00,8.26,8.48,7.96,8.33,2544220,KBC
2020-03-23 07:00:00,7.96,8.18,7.77,7.77,1552050,KBC
2020-03-24 07:00:00,7.58,7.84,7.51,7.84,2242420,KBC
2020-03-25 07:00:00,7.96,8.37,7.92,8.37,1573040,KBC
2020-03-26 07:00:00,8.48,8.56,8.26,8.33,1122660,KBC
2020-03-27 07:00:00,8.26,8.41,8.14,8.33,1155090,KBC
2020-03-30 07:00:00,8.14,8.33,7.77,8.29,1636390,KBC
2020-03-31 07:00:00,8.29,8.37,7.92,8.33,989390,KBC
2020-04-01 07:00:00,7.99,8.82,7.99,8.82,1133120,KBC
2020-04-03 07:00:00,8.74,8.86,8.71,8.86,881340,KBC
2020-04-06 07:00:00,9.16,9.35,8.78,9.31,1342640,KBC
2020-04-07 07:00:00,9.31,9.31,8.86,9.12,1661680,KBC
2020-04-08 07:00:00,8.86,8.97,8.78,8.97,1254100,KBC
2020-04-09 07:00:00,8.9,9.05,8.74,8.93,1314440,KBC
2020-04-10 07:00:00,8.93,9.05,8.78,8.97,1839520,KBC
2020-04-13 07:00:00,8.86,9.01,8.78,8.9,1868770,KBC
2020-04-14 07:00:00,8.9,8.9,8.41,8.63,3122290,KBC
2020-04-15 07:00:00,8.63,9.05,8.63,8.97,3249740,KBC
2020-04-16 07:00:00,8.93,8.97,8.74,8.93,2635120,KBC
2020-04-17 07:00:00,9.01,9.42,8.93,9.08,5250130,KBC
2020-04-20 07:00:00,9.16,9.61,9.08,9.53,2774680,KBC
2020-04-21 07:00:00,9.23,9.38,8.9,8.9,2347440,KBC
2020-04-22 07:00:00,8.63,9.12,8.52,8.9,2982630,KBC
2020-04-23 07:00:00,9.01,9.12,8.93,9.01,3071280,KBC
2020-04-24 07:00:00,9.12,9.12,8.86,9.01,2628390,KBC
2020-04-27 07:00:00,9.12,9.61,9.12,9.61,5721810,KBC
2020-04-28 07:00:00,9.83,10.17,9.65,9.8,4017940,KBC
2020-04-29 07:00:00,9.53,9.83,9.53,9.53,4862970,KBC
2020-05-04 07:00:00,9.35,9.42,9.23,9.27,3111820,KBC
2020-05-05 07:00:00,9.27,9.68,9.27,9.68,3044010,KBC
2020-05-06 07:00:00,9.76,9.76,9.53,9.53,1773810,KBC
2020-05-07 07:00:00,9.65,9.72,9.5,9.61,3304330,KBC
2020-05-08 07:00:00,9.76,9.83,9.53,9.65,4614030,KBC
2020-05-11 07:00:00,9.83,10.06,9.65,9.83,2110900,KBC
2020-05-12 07:00:00,9.83,10.13,9.68,9.98,3524880,KBC
2020-05-13 07:00:00,9.98,10.17,9.83,9.83,3319350,KBC
2020-05-14 07:00:00,9.87,10.06,9.8,9.8,2290800,KBC
2020-05-15 07:00:00,9.83,9.95,9.57,9.65,2332130,KBC
2020-05-18 07:00:00,9.68,9.72,9.53,9.68,1469440,KBC
2020-05-19 07:00:00,9.91,9.98,9.76,9.87,3770060,KBC
2020-05-20 07:00:00,9.8,9.91,9.8,9.8,1544960,KBC
2020-05-21 07:00:00,9.87,9.91,9.76,9.76,3134370,KBC
2020-05-22 07:00:00,9.8,9.8,9.61,9.65,3244960,KBC
2020-05-25 07:00:00,9.72,10.28,9.65,10.28,6545850,KBC
2020-05-26 07:00:00,10.62,10.85,10.58,10.7,3652010,KBC
2020-05-27 07:00:00,10.73,10.73,10.4,10.43,2880810,KBC
2020-05-28 07:00:00,10.28,10.51,10.28,10.4,3363820,KBC
2020-05-29 07:00:00,10.28,10.66,10.28,10.55,3920880,KBC
2020-06-01 07:00:00,10.58,11.03,10.58,10.96,3656730,KBC
2020-06-02 07:00:00,11.0,11.03,10.58,10.62,4239540,KBC
2020-06-03 07:00:00,10.55,10.85,10.47,10.7,3495830,KBC
2020-06-04 07:00:00,10.7,11.0,10.62,10.66,3224570,KBC
2020-06-05 07:00:00,10.66,10.88,10.55,10.81,1939380,KBC
2020-06-08 07:00:00,10.96,11.22,10.85,10.88,3633850,KBC
2020-06-09 07:00:00,10.88,11.41,10.77,11.11,4940700,KBC
2020-06-10 07:00:00,11.26,11.86,11.11,11.86,7723460,KBC
2020-06-11 07:00:00,12.54,12.69,11.63,11.63,10281670,KBC
2020-06-12 07:00:00,11.03,11.79,11.03,11.63,4543820,KBC
2020-06-15 07:00:00,11.67,11.82,10.88,10.88,4108250,KBC
2020-06-16 07:00:00,11.11,11.37,10.96,11.33,3161360,KBC
2020-06-17 07:00:00,11.22,11.33,10.88,11.18,2259930,KBC
2020-06-18 07:00:00,10.92,11.18,10.88,11.03,2294100,KBC
2020-06-19 07:00:00,11.22,11.33,11.11,11.26,2879690,KBC
2020-06-22 07:00:00,11.33,11.52,11.3,11.3,2588880,KBC
2020-06-23 07:00:00,11.3,11.41,11.07,11.15,2859720,KBC
2020-06-24 07:00:00,11.15,11.22,10.81,11.07,3003410,KBC
2020-06-25 07:00:00,10.92,11.07,10.85,10.92,1771000,KBC
2020-06-26 07:00:00,11.0,11.07,10.81,10.85,1989830,KBC
2020-06-29 07:00:00,10.73,10.73,10.13,10.43,2586200,KBC
2020-06-30 07:00:00,10.62,10.62,9.91,10.4,1962580,KBC
2020-07-01 07:00:00,10.17,10.66,10.06,10.55,1899370,KBC
2020-07-02 07:00:00,10.43,10.58,10.32,10.47,1292070,KBC
2020-07-03 07:00:00,10.4,10.51,10.25,10.25,1388830,KBC
2020-07-06 07:00:00,10.32,10.51,10.25,10.25,1951060,KBC
2020-07-07 07:00:00,10.4,10.51,10.4,10.51,1749060,KBC
2020-07-08 07:00:00,10.43,10.66,10.43,10.55,1453240,KBC
2020-07-09 07:00:00,10.55,10.73,10.55,10.66,2773650,KBC
2020-07-10 07:00:00,10.66,10.88,10.58,10.85,3656210,KBC
2020-07-13 07:00:00,10.96,11.11,10.85,10.88,2091660,KBC
2020-07-14 07:00:00,10.88,10.88,10.66,10.81,1134500,KBC
2020-07-15 07:00:00,10.81,10.92,10.66,10.66,1728050,KBC
2020-07-16 07:00:00,10.66,10.81,10.66,10.73,1161720,KBC
2020-07-17 07:00:00,10.73,10.88,10.58,10.81,1852720,KBC
2020-07-20 07:00:00,10.96,11.3,10.81,11.07,3975450,KBC
2020-07-21 07:00:00,11.07,11.3,10.96,11.3,1927280,KBC
2020-07-22 07:00:00,11.33,11.33,10.92,11.15,1822370,KBC
2020-07-23 07:00:00,10.96,11.11,10.66,10.81,2817370,KBC
2020-07-24 07:00:00,10.73,10.92,10.06,10.13,4211520,KBC
2020-07-27 07:00:00,9.61,9.87,9.46,9.53,3911580,KBC
2020-07-28 07:00:00,9.68,10.02,9.46,9.95,2580200,KBC
2020-07-29 07:00:00,9.61,9.83,9.46,9.72,3155820,KBC
2020-07-30 07:00:00,9.68,9.83,9.65,9.65,1317410,KBC
2020-07-31 07:00:00,9.31,9.53,9.27,9.31,2449810,KBC
2020-08-03 07:00:00,9.46,9.72,9.35,9.68,2127590,KBC
2020-08-04 07:00:00,9.76,9.91,9.72,9.8,1326010,KBC
2020-08-05 07:00:00,9.76,9.98,9.68,9.91,1687530,KBC
2020-08-06 07:00:00,9.8,10.06,9.76,9.91,1604510,KBC
2020-08-07 07:00:00,9.91,9.98,9.83,9.98,1244750,KBC
2020-08-10 07:00:00,10.06,10.47,10.06,10.25,2256360,KBC
2020-08-11 07:00:00,10.32,10.36,10.17,10.21,1475900,KBC
2020-08-12 07:00:00,10.28,10.28,10.06,10.17,1577260,KBC
2020-08-13 07:00:00,10.21,10.28,10.13,10.28,2131890,KBC
2020-08-14 07:00:00,10.21,10.32,9.98,10.06,2195830,KBC
2020-08-17 07:00:00,10.02,10.17,9.98,10.13,1288760,KBC
2020-08-18 07:00:00,10.02,10.21,10.02,10.1,1099430,KBC
2020-08-19 07:00:00,10.1,10.36,10.1,10.21,1748140,KBC
2020-08-20 07:00:00,10.13,10.32,10.13,10.17,1946110,KBC
2020-08-21 07:00:00,10.21,10.4,10.21,10.36,1939930,KBC
2020-08-24 07:00:00,10.43,10.47,10.36,10.43,1677480,KBC
2020-08-25 07:00:00,10.47,10.58,10.36,10.36,1518040,KBC
2020-08-26 07:00:00,10.36,10.66,10.28,10.43,2187810,KBC
2020-08-27 07:00:00,10.43,10.62,10.43,10.47,1190000,KBC
2020-08-28 07:00:00,10.58,10.62,10.47,10.47,1432490,KBC
2020-08-31 07:00:00,10.58,10.62,10.28,10.28,1933260,KBC
2020-09-01 07:00:00,10.28,10.36,10.17,10.25,2167350,KBC
2020-09-03 07:00:00,10.28,10.36,10.06,10.1,4542010,KBC
2020-09-04 07:00:00,9.98,10.25,9.95,10.21,3654190,KBC
2020-09-07 07:00:00,10.32,10.32,10.1,10.1,2010660,KBC
2020-09-08 07:00:00,10.17,10.25,10.1,10.25,1633950,KBC
2020-09-09 07:00:00,10.25,10.28,10.21,10.28,1709970,KBC
2020-09-10 07:00:00,10.4,10.47,10.32,10.32,2289760,KBC
2020-09-11 07:00:00,10.28,10.36,10.13,10.36,2608100,KBC
2020-09-14 07:00:00,10.36,10.36,10.13,10.17,2919290,KBC
2020-09-15 07:00:00,10.25,10.28,10.13,10.13,1895160,KBC
2020-09-16 07:00:00,10.17,10.32,10.13,10.25,2417320,KBC
2020-09-17 07:00:00,10.28,10.32,10.13,10.25,1309590,KBC
2020-09-18 07:00:00,10.21,10.28,10.17,10.25,1883560,KBC
2020-09-21 07:00:00,10.28,10.47,10.25,10.4,3046950,KBC
2020-09-22 07:00:00,10.4,10.43,10.28,10.43,2435550,KBC
2020-09-23 07:00:00,10.66,10.88,10.62,10.81,4622630,KBC
2020-09-24 07:00:00,10.73,10.81,10.62,10.73,2498870,KBC
2020-09-25 07:00:00,10.73,10.73,10.58,10.66,1616140,KBC
2020-09-28 07:00:00,10.66,10.73,10.58,10.73,2170650,KBC
2020-09-29 07:00:00,10.77,10.81,10.43,10.47,2821550,KBC
2020-09-30 07:00:00,10.47,10.66,10.47,10.66,2314850,KBC
2020-10-01 07:00:00,10.73,10.77,10.62,10.73,1899380,KBC
2020-10-02 07:00:00,10.73,10.81,10.13,10.58,4060050,KBC
2020-10-05 07:00:00,10.77,10.77,10.62,10.77,1898260,KBC
2020-10-06 07:00:00,10.77,11.33,10.77,11.26,5841330,KBC
2020-10-07 07:00:00,11.26,11.41,11.11,11.11,2948240,KBC
2020-10-08 07:00:00,11.11,11.22,10.88,11.0,3019630,KBC
2020-10-09 07:00:00,10.96,11.03,10.85,10.96,1836890,KBC
2020-10-12 07:00:00,10.96,11.0,10.77,10.77,1845310,KBC
2020-10-13 07:00:00,10.77,11.0,10.77,10.81,1971320,KBC
2020-10-14 07:00:00,10.88,11.15,10.88,11.03,2624710,KBC
2020-10-15 07:00:00,10.96,11.15,10.96,11.0,3061810,KBC
2020-10-16 07:00:00,11.03,11.07,10.77,10.96,2448480,KBC
2020-10-19 07:00:00,11.03,11.26,11.03,11.11,1944300,KBC
2020-10-20 07:00:00,11.11,11.22,10.96,11.11,1450790,KBC
2020-10-21 07:00:00,11.11,11.18,10.96,11.07,2236230,KBC
2020-10-22 07:00:00,11.11,11.18,11.0,11.07,3368700,KBC
2020-10-23 07:00:00,11.0,11.11,10.96,11.03,1035230,KBC
2020-10-26 07:00:00,11.03,11.03,10.77,10.81,2015740,KBC
2020-10-27 07:00:00,10.7,10.73,10.36,10.4,1915000,KBC
2020-10-28 07:00:00,10.36,10.47,10.17,10.47,1971250,KBC
2020-10-29 07:00:00,10.47,10.47,10.21,10.36,1405040,KBC
2020-10-30 07:00:00,10.36,10.4,10.13,10.4,1261200,KBC
2020-11-02 07:00:00,10.17,10.58,9.8,10.58,3175500,KBC
2020-11-03 07:00:00,10.32,10.43,10.28,10.28,1097270,KBC
2020-11-04 07:00:00,10.36,10.47,10.32,10.43,1205190,KBC
2020-11-05 07:00:00,10.36,10.43,10.21,10.43,1715030,KBC
2020-11-06 07:00:00,10.43,10.66,10.43,10.62,1660390,KBC
2020-11-09 07:00:00,10.66,10.81,10.66,10.81,1018040,KBC
2020-11-10 07:00:00,10.81,10.92,10.66,10.77,2024120,KBC
2020-11-11 07:00:00,10.66,10.77,10.51,10.51,1321190,KBC
2020-11-12 07:00:00,10.58,10.73,10.58,10.7,691060,KBC
2020-11-13 07:00:00,10.62,10.77,10.58,10.77,1107420,KBC
2020-11-16 07:00:00,10.77,10.88,10.58,10.62,910430,KBC
2020-11-17 07:00:00,10.66,10.85,10.66,10.81,899960,KBC
2020-11-18 07:00:00,10.88,11.15,10.85,11.07,2502040,KBC
2020-11-19 07:00:00,11.11,11.41,11.11,11.22,2753090,KBC
2020-11-20 07:00:00,11.26,11.63,11.22,11.63,2535040,KBC
2020-11-23 07:00:00,11.6,11.6,11.37,11.48,1569620,KBC
2020-11-24 07:00:00,11.48,11.56,11.15,11.18,2748620,KBC
2020-11-25 07:00:00,11.18,11.48,11.18,11.41,2123120,KBC
2020-11-26 07:00:00,11.33,11.86,11.33,11.79,3139450,KBC
2020-11-27 07:00:00,11.71,11.82,11.56,11.75,1677000,KBC
2020-11-30 07:00:00,11.75,11.9,11.75,11.9,2432140,KBC
2020-12-01 07:00:00,11.48,11.9,11.48,11.86,4558860,KBC
2020-12-02 07:00:00,11.86,11.94,11.67,11.75,2882060,KBC
2020-12-03 07:00:00,11.75,12.39,11.63,12.2,5379660,KBC
2020-12-04 07:00:00,12.24,12.39,12.09,12.16,2649350,KBC
2020-12-07 07:00:00,12.09,12.2,12.01,12.12,2131490,KBC
2020-12-08 07:00:00,12.09,12.16,11.94,12.05,3003960,KBC
2020-12-09 07:00:00,12.05,12.39,12.05,12.16,2854520,KBC
2020-12-10 07:00:00,12.2,12.31,11.71,11.82,3356410,KBC
2020-12-11 07:00:00,11.86,11.9,11.63,11.9,3805330,KBC
2020-12-14 07:00:00,11.9,12.09,11.9,12.05,2185130,KBC
2020-12-15 07:00:00,12.01,12.5,11.97,12.35,4945370,KBC
2020-12-16 07:00:00,12.39,12.46,12.24,12.39,2402530,KBC
2020-12-17 07:00:00,12.91,13.25,12.61,13.25,7312560,KBC
2020-12-18 07:00:00,13.51,13.51,13.17,13.36,5110620,KBC
2020-12-21 07:00:00,13.44,14.26,13.29,14.26,10021310,KBC
2020-12-22 07:00:00,14.26,15.24,14.04,15.24,10194230,KBC
2020-12-23 07:00:00,16.1,16.1,14.34,14.49,8239570,KBC
2020-12-24 07:00:00,15.28,15.5,14.41,15.5,13937880,KBC
2020-12-25 07:00:00,16.4,16.55,16.14,16.55,8868760,KBC
2020-12-28 07:00:00,17.64,17.68,17.49,17.68,9439470,KBC
2020-12-29 07:00:00,17.26,18.77,16.93,17.53,11973090,KBC
2020-12-30 07:00:00,17.3,18.28,16.89,17.26,9832560,KBC
2020-12-31 07:00:00,17.41,18.32,17.0,18.32,8521050,KBC
2021-01-04 07:00:00,19.52,19.59,18.99,19.59,6590800,KBC
2021-01-05 07:00:00,19.89,20.94,19.89,20.27,11967600,KBC
2021-01-06 07:00:00,20.34,20.79,19.52,19.67,10553700,KBC
2021-01-07 07:00:00,19.89,20.42,19.67,20.27,8000200,KBC
2021-01-08 07:00:00,20.27,21.62,19.89,20.64,9368600,KBC
2021-01-11 07:00:00,21.39,21.39,20.34,21.17,7499500,KBC
2021-01-12 07:00:00,21.32,22.48,21.28,22.41,7369000,KBC
2021-01-13 07:00:00,22.56,23.61,21.92,23.42,8616000,KBC
2021-01-14 07:00:00,23.65,25.03,23.65,25.03,9666300,KBC
2021-01-15 07:00:00,26.5,26.76,25.56,25.82,10564200,KBC
2021-01-18 07:00:00,26.16,27.62,25.3,27.62,8757000,KBC
2021-01-19 07:00:00,28.82,29.5,25.71,27.62,11627500,KBC
2021-01-20 07:00:00,28.52,29.12,25.9,27.92,11972000,KBC
2021-01-21 07:00:00,28.52,29.88,28.22,29.88,12757300,KBC
2021-01-22 07:00:00,31.38,31.94,30.85,31.94,7671300,KBC
2021-01-25 07:00:00,33.78,34.15,33.03,34.15,8166500,KBC
2021-01-26 07:00:00,31.79,35.28,31.79,31.94,17746000,KBC
2021-01-27 07:00:00,30.85,31.9,29.73,29.73,13479100,KBC
2021-01-28 07:00:00,27.66,27.66,27.66,27.66,938200,KBC
2021-01-29 07:00:00,25.75,28.9,25.75,27.66,23684100,KBC
2021-02-01 07:00:00,25.75,27.74,25.75,25.75,13514100,KBC
2021-02-02 07:00:00,24.02,27.55,23.95,27.55,14295200,KBC
2021-02-03 07:00:00,28.15,29.46,27.92,29.46,7049500,KBC
2021-02-04 07:00:00,29.65,30.78,28.9,30.14,9628700,KBC
2021-02-05 07:00:00,30.18,30.63,29.65,30.03,6679400,KBC
2021-02-08 07:00:00,29.65,30.1,27.92,27.92,10802200,KBC
2021-02-09 07:00:00,27.92,29.61,26.27,28.97,6590100,KBC
2021-02-17 07:00:00,30.1,31.0,29.27,31.0,4650600,KBC
2021-02-18 07:00:00,31.53,32.54,31.3,32.28,6804800,KBC
2021-02-19 07:00:00,31.38,32.28,30.93,31.23,7407900,KBC
2021-02-22 07:00:00,31.23,31.53,29.73,30.7,6066600,KBC
2021-02-23 07:00:00,30.7,30.7,29.88,30.03,4975600,KBC
2021-02-24 07:00:00,30.33,30.55,29.12,29.27,4728700,KBC
2021-02-25 07:00:00,29.73,29.73,28.56,29.35,5575700,KBC
2021-02-26 07:00:00,28.82,29.43,28.67,29.27,2735100,KBC
2021-03-01 07:00:00,29.58,29.99,29.2,29.5,3284300,KBC
2021-03-02 07:00:00,30.03,30.03,29.46,29.46,4149800,KBC
2021-03-03 07:00:00,29.46,29.73,29.05,29.16,3621700,KBC
2021-03-04 07:00:00,29.16,29.27,27.77,28.11,5142500,KBC
2021-03-05 07:00:00,27.7,28.49,27.02,28.07,4065100,KBC
2021-03-08 07:00:00,28.15,30.03,27.7,29.8,7643700,KBC
2021-03-09 07:00:00,29.65,29.73,29.12,29.35,2884700,KBC
2021-03-10 07:00:00,29.16,29.31,28.52,28.82,1996100,KBC
2021-03-11 07:00:00,29.58,29.65,29.12,29.27,3388100,KBC
2021-03-12 07:00:00,29.27,30.4,29.27,29.88,11436000,KBC
2021-03-15 07:00:00,30.74,30.74,30.18,30.25,4751400,KBC
2021-03-16 07:00:00,30.25,30.4,29.8,30.14,2859100,KBC
2021-03-17 07:00:00,30.03,30.1,29.65,29.8,4973900,KBC
2021-03-18 07:00:00,30.21,30.33,29.8,29.95,4613600,KBC
2021-03-19 07:00:00,30.03,31.53,29.91,31.15,9384700,KBC
2021-03-22 07:00:00,31.75,31.9,30.85,31.08,6047700,KBC
2021-03-23 07:00:00,31.08,31.38,30.03,30.4,4909700,KBC
2021-03-24 07:00:00,29.8,30.33,28.45,29.12,5343700,KBC
2021-03-25 07:00:00,29.27,29.5,28.52,28.67,4854200,KBC
2021-03-26 07:00:00,28.45,29.05,26.91,28.67,8709600,KBC
2021-03-29 07:00:00,28.82,29.16,28.0,28.11,5662300,KBC
2021-03-30 07:00:00,28.52,29.39,27.77,28.97,4767300,KBC
2021-03-31 07:00:00,28.82,29.27,28.6,28.64,2563500,KBC
2021-04-01 07:00:00,28.64,29.27,28.6,29.09,3146400,KBC
2021-04-02 07:00:00,29.5,29.8,29.2,29.58,5053600,KBC
2021-04-05 07:00:00,30.25,30.25,29.27,29.35,3674300,KBC
2021-04-06 07:00:00,29.12,29.35,28.82,29.12,3506200,KBC
2021-04-07 07:00:00,29.01,29.01,28.6,28.82,3513000,KBC
2021-04-08 07:00:00,29.12,29.16,28.45,28.86,3439100,KBC
2021-04-09 07:00:00,29.2,29.99,29.12,29.73,6546800,KBC
2021-04-12 07:00:00,30.74,31.23,30.7,30.85,11407400,KBC
2021-04-13 07:00:00,31.15,31.15,29.73,30.03,7621100,KBC
2021-04-14 07:00:00,29.35,29.99,29.27,29.65,4838800,KBC
2021-04-15 07:00:00,29.5,29.65,28.75,28.75,6032000,KBC
2021-04-16 07:00:00,28.67,29.65,28.15,28.45,4781600,KBC
2021-04-19 07:00:00,28.67,29.12,28.22,28.67,3525800,KBC
2021-04-20 07:00:00,28.75,28.75,27.77,28.0,5479900,KBC
2021-04-22 07:00:00,27.77,27.85,26.05,26.05,6642600,KBC
2021-04-23 07:00:00,26.05,27.85,25.37,27.85,5447700,KBC
2021-04-26 07:00:00,27.85,29.12,27.7,28.15,4241000,KBC
2021-04-27 07:00:00,28.15,28.15,27.47,27.62,2306500,KBC
2021-04-28 07:00:00,27.62,27.92,27.36,27.55,3463300,KBC
2021-04-29 07:00:00,27.55,28.11,27.51,28.11,4900200,KBC
2021-05-04 07:00:00,27.7,29.09,27.62,28.19,5636800,KBC
2021-05-05 07:00:00,28.45,28.6,28.0,28.3,4501300,KBC
2021-05-06 07:00:00,28.56,28.86,28.07,28.22,5484200,KBC
2021-05-07 07:00:00,27.92,28.3,27.25,27.32,5454900,KBC
2021-05-10 07:00:00,27.02,27.36,26.8,26.87,5031900,KBC
2021-05-11 07:00:00,26.87,27.32,26.2,26.95,8267800,KBC
2021-05-12 07:00:00,26.72,28.0,26.61,27.32,4454500,KBC
2021-05-13 07:00:00,27.32,27.7,26.95,26.95,3601500,KBC
2021-05-14 07:00:00,26.95,27.1,26.57,26.57,4400600,KBC
2021-05-17 07:00:00,26.35,26.5,25.18,25.37,8820600,KBC
2021-05-18 07:00:00,25.07,25.15,24.02,24.25,9841800,KBC
2021-05-19 07:00:00,24.25,25.45,24.25,24.4,3639800,KBC
2021-05-20 07:00:00,24.4,24.77,22.78,23.04,7611200,KBC
2021-05-21 07:00:00,22.59,24.62,22.52,24.62,7281300,KBC
2021-05-24 07:00:00,25.15,25.86,25.11,25.82,5599400,KBC
2021-05-25 07:00:00,25.82,25.9,25.18,25.3,4742300,KBC
2021-05-26 07:00:00,24.77,25.15,24.4,25.0,5317100,KBC
2021-05-27 07:00:00,24.62,25.52,24.43,24.85,4791300,KBC
2021-05-28 07:00:00,25.3,25.63,24.85,25.37,5716600,KBC
2021-05-31 07:00:00,25.15,25.18,24.7,25.0,4001000,KBC
2021-06-01 07:00:00,24.85,25.0,24.4,24.62,3878600,KBC
2021-06-02 07:00:00,24.4,25.0,23.8,25.0,5832900,KBC
2021-06-03 07:00:00,25.37,25.37,24.85,25.22,5682200,KBC
2021-06-04 07:00:00,25.52,26.65,25.45,26.65,10763800,KBC
2021-06-07 07:00:00,27.14,27.14,26.35,26.91,8454600,KBC
2021-06-08 07:00:00,26.87,27.25,25.37,25.78,6648700,KBC
2021-06-09 07:00:00,25.52,26.65,24.88,26.27,7738800,KBC
2021-06-10 07:00:00,26.27,26.42,25.37,25.37,4046700,KBC
2021-06-11 07:00:00,25.37,25.9,25.37,25.82,3616100,KBC
2021-06-14 07:00:00,25.82,26.99,25.37,26.57,11167200,KBC
2021-06-15 07:00:00,26.95,28.41,26.8,28.41,20874800,KBC
2021-06-16 07:00:00,28.52,29.16,27.85,28.11,8446000,KBC
2021-06-17 07:00:00,27.62,29.5,27.4,29.24,14589100,KBC
2021-06-18 07:00:00,29.27,29.88,28.75,28.9,12271200,KBC
2021-06-21 07:00:00,28.9,29.12,28.22,28.34,11366400,KBC
2021-06-22 07:00:00,28.56,29.61,28.45,29.27,11972000,KBC
2021-06-23 07:00:00,29.12,29.2,27.77,28.75,7318800,KBC
2021-06-24 07:00:00,28.9,29.5,28.11,28.97,11116500,KBC
2021-06-25 07:00:00,28.9,29.27,28.37,29.27,7413000,KBC
2021-06-28 07:00:00,29.8,30.33,29.54,30.14,14974900,KBC
2021-06-29 07:00:00,30.18,30.18,29.43,29.88,7427200,KBC
2021-06-30 07:00:00,29.8,29.8,28.82,28.82,7614800,KBC
2021-07-01 07:00:00,28.82,29.65,28.15,29.65,15430700,KBC
2021-07-02 07:00:00,29.84,30.78,29.5,29.76,15753700,KBC
2021-07-05 07:00:00,29.54,29.54,28.37,28.79,13504000,KBC
2021-07-06 07:00:00,28.64,28.9,26.8,26.8,20266000,KBC
2021-07-07 07:00:00,26.65,27.32,25.52,26.42,12448900,KBC
2021-07-08 07:00:00,26.46,27.17,25.6,25.86,8128200,KBC
2021-07-09 07:00:00,25.45,25.9,24.06,24.17,15213200,KBC
2021-07-12 07:00:00,23.5,24.17,22.48,23.27,13624800,KBC
2021-07-13 07:00:00,24.02,24.4,23.27,24.4,6276800,KBC
2021-07-14 07:00:00,24.55,24.73,23.61,24.02,7449100,KBC
2021-07-15 07:00:00,23.68,24.55,23.68,24.51,5110500,KBC
2021-07-16 07:00:00,24.7,25.15,24.06,24.55,6722100,KBC
2021-07-19 07:00:00,23.8,24.17,22.89,22.89,8402600,KBC
2021-07-20 07:00:00,23.27,24.4,22.82,24.4,7080700,KBC
2021-07-21 07:00:00,24.4,24.7,23.98,24.36,3915400,KBC
2021-07-22 07:00:00,24.32,25.18,24.1,24.85,9915000,KBC
2021-07-23 07:00:00,24.73,25.07,24.1,24.1,8391600,KBC
2021-07-26 07:00:00,24.02,24.55,23.65,24.4,5868800,KBC
2021-07-27 07:00:00,24.77,25.0,24.4,24.47,5489500,KBC
2021-07-28 07:00:00,24.47,26.05,24.4,25.45,13116800,KBC
2021-07-29 07:00:00,25.75,26.08,25.45,25.6,6737600,KBC
2021-07-30 07:00:00,25.56,26.05,25.37,25.86,7177300,KBC
2021-08-02 07:00:00,25.52,26.65,25.52,25.93,7919100,KBC
2021-08-03 07:00:00,25.93,26.2,25.52,25.97,6876300,KBC
2021-08-04 07:00:00,26.2,26.65,25.9,26.23,10341400,KBC
2021-08-05 07:00:00,26.16,26.87,26.01,26.54,7524300,KBC
2021-08-06 07:00:00,26.54,27.74,26.35,26.65,12916500,KBC
2021-08-09 07:00:00,26.87,27.4,26.87,27.4,9683300,KBC
2021-08-10 07:00:00,27.7,27.77,26.65,26.87,14777600,KBC
2021-08-11 07:00:00,26.65,26.84,25.75,25.82,22981500,KBC
2021-08-12 07:00:00,25.71,26.95,25.71,26.2,10831400,KBC
2021-08-13 07:00:00,26.27,26.87,26.2,26.87,8110400,KBC
2021-08-16 07:00:00,26.99,28.37,26.87,27.89,19650000,KBC
2021-08-17 07:00:00,27.89,28.3,27.4,27.4,8973900,KBC
2021-08-18 07:00:00,27.17,27.85,27.17,27.51,8055500,KBC
2021-08-19 07:00:00,27.47,28.15,27.4,27.92,9975000,KBC
2021-08-20 07:00:00,28.0,28.75,26.35,27.47,22535900,KBC
2021-08-23 07:00:00,27.4,28.07,27.02,27.02,9827200,KBC
2021-08-24 07:00:00,27.02,27.47,26.69,26.95,8183900,KBC
2021-08-25 07:00:00,26.95,27.32,26.61,27.17,6158600,KBC
2021-08-26 07:00:00,27.4,28.71,27.17,27.92,18245200,KBC
2021-08-27 07:00:00,27.77,29.65,27.77,29.58,24488900,KBC
2021-08-30 07:00:00,30.36,30.78,30.03,30.14,12960400,KBC
2021-08-31 07:00:00,30.03,32.24,29.84,31.98,25984800,KBC
2021-09-01 07:00:00,31.45,32.73,31.45,31.9,13869800,KBC
2021-09-06 07:00:00,32.28,33.29,31.38,31.38,13157200,KBC
2021-09-07 07:00:00,31.6,32.2,31.23,31.9,14948900,KBC
2021-09-08 07:00:00,31.9,33.4,31.56,32.73,14725800,KBC
2021-09-09 07:00:00,32.73,33.18,32.47,32.8,6723400,KBC
2021-09-10 07:00:00,32.8,33.22,31.9,32.28,9950600,KBC
2021-09-13 07:00:00,32.28,32.28,30.4,30.4,28508600,KBC
2021-09-14 07:00:00,30.4,31.45,30.25,31.15,10182200,KBC
2021-09-15 07:00:00,30.63,31.83,30.55,31.45,5724200,KBC
2021-09-16 07:00:00,31.38,32.62,31.26,32.05,9556000,KBC
2021-09-17 07:00:00,32.05,32.5,31.56,31.71,10781800,KBC
2021-09-20 07:00:00,31.98,32.28,30.78,30.78,10871600,KBC
2021-09-21 07:00:00,30.03,32.05,30.03,31.9,15660900,KBC
2021-09-22 07:00:00,31.9,32.58,31.45,32.28,10194400,KBC
2021-09-23 07:00:00,34.53,34.53,33.4,33.44,27213100,KBC
2021-09-24 07:00:00,33.52,34.0,32.84,33.14,10294300,KBC
2021-09-27 07:00:00,33.14,33.25,31.15,31.15,14410400,KBC
2021-09-28 07:00:00,31.15,33.18,31.15,33.14,13163700,KBC
2021-09-29 07:00:00,32.95,33.48,32.43,32.84,6814000,KBC
2021-09-30 07:00:00,32.65,33.18,32.54,32.65,4766300,KBC
2021-10-01 07:00:00,32.35,32.99,31.9,32.05,9843500,KBC
2021-10-04 07:00:00,31.9,32.73,31.38,32.05,9379600,KBC
2021-10-05 07:00:00,32.28,33.33,32.05,33.14,8329500,KBC
2021-10-06 07:00:00,33.33,34.08,33.18,33.25,10001100,KBC
2021-10-07 07:00:00,33.25,35.2,33.18,34.53,15893100,KBC
2021-10-08 07:00:00,34.83,34.9,34.19,34.23,6604900,KBC
2021-10-11 07:00:00,34.3,34.75,33.93,34.0,6658200,KBC
2021-10-12 07:00:00,34.15,34.45,33.85,34.08,7955000,KBC
2021-10-13 07:00:00,34.15,34.87,34.15,34.6,8259900,KBC
2021-10-14 07:00:00,34.68,35.17,34.23,34.3,9685100,KBC
2021-10-15 07:00:00,34.38,34.49,33.1,33.93,21144200,KBC
2021-10-18 07:00:00,33.93,34.3,32.92,32.92,17107300,KBC
2021-10-19 07:00:00,32.65,33.4,32.28,32.73,10021900,KBC
2021-10-20 07:00:00,33.03,33.03,32.01,32.35,10295600,KBC
2021-10-21 07:00:00,32.35,32.88,32.01,32.01,10620800,KBC
2021-10-22 07:00:00,32.01,33.14,32.01,32.77,11943900,KBC
2021-10-25 07:00:00,33.07,33.74,32.77,32.77,9807000,KBC
2021-10-26 07:00:00,32.28,33.78,32.01,33.7,14305600,KBC
2021-10-27 07:00:00,33.97,36.03,33.7,36.03,31886600,KBC
2021-10-28 07:00:00,36.41,36.89,35.66,36.26,12390300,KBC
2021-10-29 07:00:00,36.26,37.42,36.03,36.52,10034900,KBC
2021-11-01 07:00:00,36.74,37.38,36.11,36.78,10961800,KBC
2021-11-02 07:00:00,36.86,39.03,36.63,38.73,11208400,KBC
2021-11-03 07:00:00,39.41,39.41,36.03,36.03,24186500,KBC
2021-11-04 07:00:00,36.03,36.74,35.36,36.52,10749300,KBC
2021-11-05 07:00:00,36.52,37.23,35.84,36.78,11038800,KBC
2021-11-08 07:00:00,36.86,37.46,36.48,36.86,8202600,KBC
2021-11-09 07:00:00,36.89,38.73,36.67,37.91,12628400,KBC
2021-11-10 07:00:00,37.91,38.21,37.31,38.21,8561000,KBC
2021-11-11 07:00:00,38.66,40.83,38.51,39.78,19834200,KBC
2021-11-12 07:00:00,40.53,40.76,39.41,40.23,8713100,KBC
2021-11-15 07:00:00,40.68,40.83,37.42,40.38,12565100,KBC
2021-11-16 07:00:00,39.41,40.38,38.13,39.03,15680200,KBC
2021-11-17 07:00:00,39.03,39.71,38.73,39.18,6275100,KBC
2021-11-18 07:00:00,39.63,40.68,38.88,40.16,9944400,KBC
2021-11-19 07:00:00,40.38,40.38,37.38,37.53,16233200,KBC
2021-11-22 07:00:00,37.16,37.23,34.9,34.9,17157800,KBC
2021-11-23 07:00:00,34.98,36.37,34.83,36.03,8732700,KBC
2021-11-24 07:00:00,36.41,37.16,36.41,36.41,6863900,KBC
2021-11-25 07:00:00,36.78,37.46,36.41,37.31,6461200,KBC
2021-11-26 07:00:00,37.53,37.53,36.18,36.22,8784600,KBC
2021-11-29 07:00:00,35.28,37.01,35.28,36.48,7068300,KBC
2021-11-30 07:00:00,37.01,38.66,36.86,37.53,12216700,KBC
2021-12-01 07:00:00,37.83,38.58,37.68,37.68,6459500,KBC
2021-12-02 07:00:00,37.98,38.81,37.83,38.58,9239000,KBC
2021-12-03 07:00:00,38.66,39.41,38.28,38.36,12890800,KBC
2021-12-06 07:00:00,38.36,38.73,35.69,36.78,11249200,KBC
2021-12-07 07:00:00,37.61,38.43,37.08,38.21,6579600,KBC
2021-12-08 07:00:00,38.51,40.83,37.98,39.78,17426000,KBC
2021-12-09 07:00:00,39.78,40.83,39.78,40.23,5831100,KBC
2021-12-10 07:00:00,40.16,41.66,39.78,41.14,11856600,KBC
2021-12-13 07:00:00,41.44,42.79,41.29,41.74,7826100,KBC
2021-12-14 07:00:00,41.66,42.79,40.68,42.19,10198400,KBC
2021-12-15 07:00:00,41.96,42.41,41.14,41.81,7998200,KBC
2021-12-16 07:00:00,41.81,43.01,41.59,42.49,8366100,KBC
2021-12-17 07:00:00,42.41,42.94,41.74,42.79,10226200,KBC
2021-12-20 07:00:00,42.56,42.56,41.29,42.04,7086000,KBC
2021-12-21 07:00:00,41.51,44.21,41.51,43.84,12005800,KBC
2021-12-22 07:00:00,44.66,45.79,44.21,45.04,10404800,KBC
2021-12-23 07:00:00,45.19,46.01,43.31,45.04,14776500,KBC
2021-12-24 07:00:00,45.79,46.46,43.91,45.04,7508300,KBC
2021-12-27 07:00:00,44.89,45.79,43.84,45.79,6965300,KBC
2021-12-28 07:00:00,46.91,46.91,45.49,46.61,7009900,KBC
2021-12-29 07:00:00,46.61,46.91,45.41,45.41,4176300,KBC
2021-12-30 07:00:00,45.64,45.64,44.29,44.29,5559500,KBC
2021-12-31 07:00:00,44.96,45.64,43.91,45.64,5105700,KBC
2022-01-04 07:00:00,45.49,46.54,45.11,46.09,6372800,KBC
2022-01-05 07:00:00,46.54,47.22,45.19,45.41,11084800,KBC
2022-01-06 07:00:00,45.41,47.07,45.41,46.39,10302200,KBC
2022-01-07 07:00:00,46.91,47.22,46.24,46.54,8184500,KBC
2022-01-10 07:00:00,46.16,46.99,44.36,44.36,12462100,KBC
2022-01-11 07:00:00,44.66,45.26,41.36,41.36,15662300,KBC
2022-01-12 07:00:00,41.06,44.21,39.03,44.21,13318800,KBC
2022-01-13 07:00:00,45.34,45.34,41.14,42.79,8208800,KBC
2022-01-14 07:00:00,41.29,43.91,41.29,43.31,4631500,KBC
2022-01-17 07:00:00,43.31,43.84,40.31,40.31,12662700,KBC
2022-01-18 07:00:00,38.66,39.93,37.68,37.91,8756800,KBC
2022-01-19 07:00:00,38.28,40.53,38.06,40.46,8663100,KBC
2022-01-20 07:00:00,40.53,42.71,40.23,41.81,7751600,KBC
2022-01-21 07:00:00,41.81,42.41,40.16,40.68,11892500,KBC
2022-01-24 07:00:00,39.86,41.66,38.88,38.88,9470300,KBC
2022-01-25 07:00:00,38.43,41.59,38.43,41.51,10389800,KBC
2022-01-26 07:00:00,42.04,42.11,40.53,40.98,8339700,KBC
2022-01-27 07:00:00,40.53,41.51,39.41,39.41,7756300,KBC
2022-01-28 07:00:00,39.56,40.83,38.81,40.31,7093700,KBC
2022-02-07 07:00:00,40.76,41.66,40.61,41.06,8698700,KBC
2022-02-08 07:00:00,41.14,42.79,40.91,42.41,9178400,KBC
2022-02-09 07:00:00,42.64,43.39,41.96,42.34,8042700,KBC
2022-02-10 07:00:00,42.71,43.24,42.11,42.64,6061300,KBC
2022-02-11 07:00:00,42.79,43.91,42.49,43.39,12094500,KBC
2022-02-14 07:00:00,42.79,43.54,42.56,42.71,6712500,KBC
2022-02-15 07:00:00,42.64,43.46,42.41,43.31,7151700,KBC
2022-02-16 07:00:00,43.69,44.14,43.24,43.31,5969700,KBC
2022-02-17 07:00:00,43.16,43.91,43.01,43.91,9152900,KBC
2022-02-18 07:00:00,43.46,44.59,43.46,43.91,8009500,KBC
2022-02-21 07:00:00,43.99,44.51,43.69,43.91,7020400,KBC
2022-02-22 07:00:00,43.39,43.54,42.34,42.64,12760300,KBC
2022-02-23 07:00:00,42.86,43.69,42.49,43.01,8398100,KBC
2022-02-24 07:00:00,42.71,43.09,40.16,42.86,12152700,KBC
2022-02-25 07:00:00,42.86,44.14,42.49,43.39,12834700,KBC
2022-02-28 07:00:00,43.39,44.14,43.01,43.09,7063000,KBC
2022-03-01 07:00:00,43.16,43.76,43.01,43.16,6920000,KBC
2022-03-02 07:00:00,43.01,43.39,42.11,42.11,10769100,KBC
2022-03-03 07:00:00,42.26,42.64,41.36,42.11,11888300,KBC
2022-03-04 07:00:00,42.11,42.71,41.66,42.26,5501600,KBC
2022-03-07 07:00:00,41.74,41.89,40.91,40.98,11568800,KBC
2022-03-08 07:00:00,40.38,40.91,39.03,39.03,15754700,KBC
2022-03-09 07:00:00,39.33,40.16,38.58,39.78,8257300,KBC
2022-03-10 07:00:00,40.38,40.38,39.56,39.56,2896300,KBC
2022-03-11 07:00:00,39.33,40.01,38.88,38.88,5370700,KBC
2022-03-14 07:00:00,38.28,38.96,37.83,38.06,8288700,KBC
2022-03-15 07:00:00,38.28,39.71,37.91,39.33,6157500,KBC
2022-03-16 07:00:00,39.78,39.78,39.18,39.26,3076400,KBC
2022-03-17 07:00:00,39.48,40.23,39.33,39.71,4380700,KBC
2022-03-18 07:00:00,40.38,40.38,39.71,39.86,5476300,KBC
2022-03-21 07:00:00,39.93,40.38,39.86,40.38,3917200,KBC
2022-03-22 07:00:00,40.53,41.59,40.53,40.98,7817000,KBC
2022-03-23 07:00:00,40.91,41.51,40.61,40.91,5534400,KBC
2022-03-24 07:00:00,40.68,40.91,40.16,40.31,5790400,KBC
2022-03-25 07:00:00,40.31,40.76,40.23,40.38,3973200,KBC
2022-03-28 07:00:00,40.16,40.16,39.03,39.41,7221800,KBC
2022-03-29 07:00:00,39.71,40.83,39.63,40.23,3819400,KBC
2022-03-30 07:00:00,40.16,40.91,39.48,39.56,4581900,KBC
2022-03-31 07:00:00,40.16,40.83,39.63,39.86,5094400,KBC
2022-04-01 07:00:00,40.01,40.46,39.86,40.31,2862600,KBC
2022-04-04 07:00:00,40.53,41.96,40.23,41.29,8627600,KBC
2022-04-05 07:00:00,41.29,41.51,40.53,40.53,3973500,KBC
2022-04-06 07:00:00,40.31,40.76,39.78,40.38,4565300,KBC
2022-04-07 07:00:00,40.01,40.31,39.11,39.11,5579000,KBC
2022-04-08 07:00:00,39.18,39.48,36.41,36.41,10353000,KBC
2022-04-12 07:00:00,37.23,37.98,36.41,36.71,5227500,KBC
2022-04-13 07:00:00,37.08,38.58,36.41,38.58,4653600,KBC
2022-04-14 07:00:00,38.88,38.96,38.21,38.21,2857900,KBC
2022-04-15 07:00:00,37.98,38.66,37.91,37.98,3085400,KBC
2022-04-18 07:00:00,37.91,38.06,35.36,35.66,5580600,KBC
2022-04-19 07:00:00,36.03,36.74,34.23,34.23,4473200,KBC
2022-04-20 07:00:00,34.27,34.87,33.78,33.78,4653600,KBC
2022-04-21 07:00:00,33.03,33.78,31.41,31.41,7791200,KBC
2022-04-22 07:00:00,31.45,32.8,29.35,31.9,5999100,KBC
2022-04-25 07:00:00,32.28,32.47,30.03,30.03,6943400,KBC
2022-04-26 07:00:00,29.95,31.26,29.27,31.26,6464900,KBC
2022-04-27 07:00:00,31.26,32.35,30.93,32.2,4083500,KBC
2022-04-28 07:00:00,32.28,32.95,32.05,32.28,3886900,KBC
2022-04-29 07:00:00,32.28,32.88,32.05,32.88,3791900,KBC
2022-05-04 07:00:00,32.47,32.88,31.9,32.28,3254800,KBC
2022-05-05 07:00:00,32.32,32.47,30.7,32.13,4445700,KBC
2022-05-06 07:00:00,30.93,31.68,30.81,30.85,3957000,KBC
2022-05-09 07:00:00,29.73,30.33,28.71,30.03,6033800,KBC
2022-05-10 07:00:00,29.12,30.4,29.12,30.14,3431200,KBC
2022-05-11 07:00:00,30.25,31.11,29.88,30.93,3054100,KBC
2022-05-12 07:00:00,30.78,30.78,28.79,29.27,3078000,KBC
2022-05-13 07:00:00,28.6,29.27,27.25,27.25,5204200,KBC
2022-05-16 07:00:00,27.77,28.15,26.8,27.21,4731900,KBC
2022-05-17 07:00:00,26.42,28.9,26.42,28.9,3220000,KBC
2022-05-18 07:00:00,29.27,30.4,28.82,30.03,3096200,KBC
2022-05-19 07:00:00,28.82,31.15,28.82,30.78,4469400,KBC
2022-05-20 07:00:00,30.78,31.75,30.63,30.78,2657500,KBC
2022-05-23 07:00:00,31.6,31.6,29.65,30.78,2240500,KBC
2022-05-24 07:00:00,30.4,31.38,30.06,31.38,3046300,KBC
2022-05-25 07:00:00,31.45,32.88,31.15,32.88,2943900,KBC
2022-05-26 07:00:00,32.73,33.18,32.28,32.99,2278300,KBC
2022-05-27 07:00:00,33.59,33.85,33.25,33.25,2410400,KBC
2022-05-30 07:00:00,33.7,33.7,33.03,33.18,1680300,KBC
2022-05-31 07:00:00,33.18,33.74,33.03,33.4,2320500,KBC
2022-06-01 07:00:00,33.74,33.74,32.8,33.4,2322100,KBC
2022-06-02 07:00:00,33.78,34.12,33.1,33.33,3101800,KBC
2022-06-03 07:00:00,33.44,33.63,32.88,33.48,1471500,KBC
2022-06-06 07:00:00,33.48,33.85,32.8,32.84,2181400,KBC
2022-06-07 07:00:00,32.84,33.1,31.15,32.28,3355600,KBC
2022-06-08 07:00:00,32.32,33.7,32.28,33.63,3414200,KBC
2022-06-09 07:00:00,33.63,34.38,33.37,33.63,2578100,KBC
2022-06-10 07:00:00,33.78,34.9,33.63,34.15,5295300,KBC
2022-06-13 07:00:00,32.65,33.63,31.79,31.79,3531200,KBC
2022-06-14 07:00:00,30.78,32.65,30.63,32.28,2742500,KBC
2022-06-15 07:00:00,32.28,32.58,30.33,32.2,4320900,KBC
2022-06-16 07:00:00,32.65,32.65,31.9,32.05,2175200,KBC
2022-06-17 07:00:00,30.78,31.53,30.03,31.53,3274300,KBC
2022-06-20 07:00:00,31.53,31.9,29.35,29.35,3261400,KBC
2022-06-21 07:00:00,27.4,29.5,27.3,28.6,3051500,KBC
2022-06-22 07:00:00,27.4,29.35,27.4,28.5,2651900,KBC
2022-06-23 07:00:00,28.5,29.7,28.1,29.7,2149100,KBC
2022-06-24 07:00:00,29.65,30.3,29.65,30.1,2504500,KBC
2022-06-27 07:00:00,31.35,32.2,31.0,32.0,4635300,KBC
2022-06-28 07:00:00,31.4,32.45,31.4,32.45,2824200,KBC
2022-06-29 07:00:00,32.2,33.9,32.05,33.2,3202500,KBC
2022-06-30 07:00:00,33.2,33.3,31.8,32.7,3550600,KBC
2022-07-01 07:00:00,32.05,32.55,31.0,32.55,2176000,KBC
2022-07-04 07:00:00,32.95,32.95,31.85,32.5,1855500,KBC
2022-07-05 07:00:00,32.45,32.8,31.0,31.8,1756400,KBC
2022-07-06 07:00:00,30.5,31.9,30.5,31.5,2639700,KBC
2022-07-07 07:00:00,31.5,31.9,31.05,31.7,1452600,KBC
2022-07-08 07:00:00,32.25,32.7,31.7,32.1,2255400,KBC
2022-07-11 07:00:00,32.1,33.3,31.7,33.2,4022900,KBC
2022-07-12 07:00:00,33.5,35.5,33.4,35.5,10037400,KBC
2022-07-13 07:00:00,35.9,36.2,35.0,35.95,3817800,KBC
2022-07-14 07:00:00,35.5,36.1,35.2,35.95,3763600,KBC
2022-07-15 07:00:00,35.6,36.65,35.4,35.55,5660800,KBC
2022-07-18 07:00:00,35.8,36.1,35.2,35.6,2854500,KBC
2022-07-19 07:00:00,36.95,36.95,36.0,36.55,6490900,KBC
2022-07-20 07:00:00,36.9,37.2,36.5,37.0,5031800,KBC
2022-07-21 07:00:00,36.8,37.1,36.6,36.85,3168100,KBC
2022-07-22 07:00:00,36.8,37.5,36.5,36.85,5970400,KBC
2022-07-25 07:00:00,36.7,36.85,35.2,36.2,3939900,KBC
2022-07-26 07:00:00,36.2,36.45,35.5,36.0,1805600,KBC
2022-07-27 07:00:00,35.2,36.3,35.15,36.3,3579000,KBC
2022-07-28 07:00:00,36.85,38.65,36.55,37.8,12795400,KBC
2022-07-29 07:00:00,37.7,38.3,37.45,37.7,6031300,KBC
2022-08-01 07:00:00,38.2,39.6,38.2,39.55,8785700,KBC
2022-08-02 07:00:00,39.2,39.7,38.6,38.8,9766600,KBC
2022-08-03 07:00:00,38.4,39.25,38.4,38.6,7196100,KBC
2022-08-04 07:00:00,38.5,38.9,37.7,37.8,8525300,KBC
2022-08-05 07:00:00,37.65,38.9,37.45,38.5,5642700,KBC
2022-08-08 07:00:00,38.7,38.95,37.9,37.9,4912300,KBC
2022-08-09 07:00:00,38.1,38.1,37.65,37.9,4266700,KBC
2022-08-10 07:00:00,37.9,38.4,37.75,37.8,4918300,KBC
2022-08-11 07:00:00,38.3,38.3,37.0,37.5,6982300,KBC
2022-08-12 07:00:00,37.5,38.7,37.4,38.4,9172400,KBC
2022-08-15 07:00:00,38.7,38.8,38.3,38.3,4387000,KBC
2022-08-16 07:00:00,38.2,38.5,37.9,38.25,3402500,KBC
2022-08-17 07:00:00,38.1,38.25,37.05,37.1,12607300,KBC
2022-08-18 07:00:00,36.85,37.0,36.05,36.3,8589700,KBC
2022-08-19 07:00:00,36.5,37.35,35.65,35.95,8250900,KBC
2022-08-22 07:00:00,35.85,36.85,35.7,36.5,5708000,KBC
2022-08-23 07:00:00,36.3,37.0,36.3,36.95,5265800,KBC
2022-08-24 07:00:00,37.05,37.25,36.55,37.25,6812500,KBC
2022-08-25 07:00:00,37.6,37.95,37.2,37.8,8300400,KBC
2022-08-26 07:00:00,37.9,37.95,36.9,37.0,5906700,KBC
2022-08-29 07:00:00,35.9,36.05,34.5,35.6,14713900,KBC
2022-08-30 07:00:00,35.5,36.1,34.5,34.65,12872700,KBC
2022-08-31 07:00:00,34.5,34.8,33.7,34.7,7378700,KBC
2022-09-05 07:00:00,34.7,35.2,34.0,34.35,4867100,KBC
2022-09-06 07:00:00,34.3,34.7,33.9,33.9,6344900,KBC
2022-09-07 07:00:00,33.1,33.5,31.55,31.55,15529800,KBC
2022-09-08 07:00:00,31.75,32.0,30.0,30.0,8638400,KBC
2022-09-09 07:00:00,30.3,31.6,30.15,31.6,4805400,KBC
2022-09-12 07:00:00,31.85,31.85,31.0,31.25,2866000,KBC
2022-09-13 07:00:00,31.15,31.5,30.3,30.6,4957900,KBC
2022-09-14 07:00:00,30.0,30.35,29.65,30.3,6626600,KBC
2022-09-15 07:00:00,30.5,31.2,30.45,30.7,4867600,KBC
2022-09-16 07:00:00,30.7,30.75,29.7,30.0,6308400,KBC
2022-09-19 07:00:00,29.55,29.95,27.9,27.9,5896100,KBC
2022-09-20 07:00:00,28.4,29.0,27.6,29.0,3525500,KBC
2022-09-21 07:00:00,28.9,29.5,28.6,29.1,4825000,KBC
2022-09-22 07:00:00,28.9,29.75,28.8,29.7,5966700,KBC
2022-09-23 07:00:00,29.65,30.2,29.35,29.6,4141800,KBC
2022-09-26 07:00:00,29.0,29.0,27.55,27.85,5851700,KBC
2022-09-27 07:00:00,28.6,28.6,27.5,27.5,4613900,KBC
2022-09-28 07:00:00,27.1,28.2,27.1,28.0,5518300,KBC
2022-09-29 07:00:00,28.5,28.7,27.35,27.55,3326200,KBC
2022-09-30 07:00:00,27.3,29.0,25.65,29.0,8119600,KBC
2022-10-03 07:00:00,28.75,28.75,27.0,27.0,4753300,KBC
2022-10-04 07:00:00,27.4,27.5,25.4,26.0,6193600,KBC
2022-10-05 07:00:00,26.55,27.2,26.5,27.0,2871800,KBC
2022-10-06 07:00:00,27.0,27.0,25.15,25.15,3884800,KBC
2022-10-07 07:00:00,24.1,24.5,23.4,23.4,8980700,KBC
2022-10-10 07:00:00,22.4,23.6,22.0,23.35,5114200,KBC
2022-10-11 07:00:00,23.2,23.2,21.75,21.75,3048300,KBC
2022-10-12 07:00:00,20.3,23.25,20.25,23.25,12274300,KBC
2022-10-13 07:00:00,23.2,23.3,22.35,22.8,2443200,KBC
2022-10-14 07:00:00,23.2,23.5,21.95,22.65,5753000,KBC
2022-10-17 07:00:00,22.6,22.65,21.95,22.6,2306200,KBC
2022-10-18 07:00:00,23.0,23.75,22.9,23.3,6939500,KBC
2022-10-19 07:00:00,23.5,23.5,22.7,23.05,3612000,KBC
2022-10-20 07:00:00,22.8,23.7,22.7,23.05,5662900,KBC
2022-10-21 07:00:00,23.3,23.3,21.45,21.45,6351800,KBC
2022-10-24 07:00:00,21.35,21.5,19.95,19.95,4010200,KBC
2022-10-25 07:00:00,18.7,19.95,18.6,18.6,12440500,KBC
2022-10-26 07:00:00,18.3,19.0,17.3,17.3,5072200,KBC
2022-10-27 07:00:00,16.1,17.5,16.1,17.5,25744800,KBC
2022-10-28 07:00:00,17.9,18.3,17.0,17.8,7620600,KBC
2022-10-31 07:00:00,17.5,17.55,16.6,17.5,12553200,KBC
2022-11-01 07:00:00,18.1,18.1,16.9,17.45,13616600,KBC
2022-11-02 07:00:00,17.9,18.45,17.75,17.9,16108200,KBC
2022-11-03 07:00:00,17.6,18.1,17.5,17.7,6942900,KBC
2022-11-04 07:00:00,17.6,17.6,16.5,16.5,8105100,KBC
2022-11-07 07:00:00,15.35,15.8,15.35,15.35,5848100,KBC
2022-11-08 07:00:00,14.3,15.5,14.3,15.25,23376100,KBC
2022-11-09 07:00:00,15.45,15.7,14.2,14.2,11527600,KBC
2022-11-10 07:00:00,13.65,14.85,13.25,13.95,23618700,KBC
2022-11-11 07:00:00,14.65,14.7,14.0,14.6,12377700,KBC
2022-11-14 07:00:00,14.55,15.0,13.8,14.95,16136700,KBC
2022-11-15 07:00:00,14.3,15.2,13.95,15.0,18759600,KBC
2022-11-16 07:00:00,14.2,16.0,14.0,16.0,14445800,KBC
2022-11-17 07:00:00,16.0,16.4,15.5,16.05,10176700,KBC
2022-11-18 07:00:00,16.0,16.4,15.2,16.4,14433600,KBC
2022-11-21 07:00:00,16.6,17.05,16.6,16.8,7685900,KBC
2022-11-22 07:00:00,16.8,17.6,16.5,16.85,14955400,KBC
2022-11-23 07:00:00,16.85,16.95,16.05,16.7,7321800,KBC
2022-11-24 07:00:00,16.35,16.85,16.3,16.75,6127900,KBC
2022-11-25 07:00:00,17.2,17.7,17.05,17.7,7734600,KBC
2022-11-28 07:00:00,18.2,18.9,17.95,18.9,8388700,KBC
2022-11-29 07:00:00,19.5,20.2,19.05,20.2,17298000,KBC
2022-11-30 07:00:00,20.6,21.15,19.85,21.15,9519500,KBC
2022-12-01 07:00:00,21.35,21.55,19.7,20.2,15508500,KBC
2022-12-02 07:00:00,19.8,21.6,19.4,21.6,8850800,KBC
2022-12-05 07:00:00,22.35,22.35,21.6,22.05,10639100,KBC
2022-12-06 07:00:00,21.6,22.45,21.5,22.1,13899100,KBC
2022-12-07 07:00:00,21.75,22.4,21.6,22.1,5236100,KBC
2022-12-08 07:00:00,23.0,23.4,22.7,23.25,6949200,KBC
2022-12-09 07:00:00,23.25,24.2,23.05,23.75,4563100,KBC
2022-12-12 07:00:00,23.75,24.1,22.1,22.1,5210700,KBC
2022-12-13 07:00:00,22.05,22.5,21.25,22.5,5443100,KBC
2022-12-14 07:00:00,22.95,23.2,22.6,22.8,4056200,KBC
2022-12-15 07:00:00,22.75,23.1,22.4,22.8,3084100,KBC
2022-12-16 07:00:00,22.3,23.15,22.3,23.0,5121300,KBC
2022-12-19 07:00:00,23.0,23.45,22.0,22.0,4526400,KBC
2022-12-20 07:00:00,21.8,22.5,20.6,21.9,5727400,KBC
2022-12-21 07:00:00,21.9,22.25,20.4,21.5,4099000,KBC
2022-12-22 07:00:00,21.9,21.9,20.8,21.4,3311300,KBC
2022-12-23 07:00:00,21.2,21.6,21.0,21.5,2111200,KBC
2022-12-26 07:00:00,21.35,21.5,20.0,20.0,4037500,KBC
2022-12-27 07:00:00,19.95,21.4,19.8,21.4,4562600,KBC
2022-12-28 07:00:00,21.5,22.85,21.5,22.85,7659000,KBC
2022-12-29 07:00:00,23.55,24.1,23.55,23.9,7053600,KBC
2022-12-30 07:00:00,24.1,24.5,23.9,24.2,6410800,KBC
2023-01-03 07:00:00,24.35,24.75,24.3,24.7,4207000,KBC
2023-01-04 07:00:00,24.8,26.4,24.1,26.0,9973400,KBC
2023-01-05 07:00:00,26.3,26.4,25.7,26.0,4480500,KBC
2023-01-06 07:00:00,26.1,26.1,24.4,24.95,6833100,KBC
2023-01-09 07:00:00,25.0,25.35,24.9,25.1,3208700,KBC
2023-01-10 07:00:00,25.1,25.45,24.5,24.95,3810700,KBC
2023-01-11 07:00:00,25.2,25.45,24.9,25.0,3877800,KBC
2023-01-12 07:00:00,25.0,25.7,25.0,25.4,3638200,KBC
2023-01-13 07:00:00,25.45,25.7,24.75,25.0,3716800,KBC
2023-01-16 07:00:00,24.7,25.0,24.3,24.8,4664400,KBC
2023-01-17 07:00:00,24.8,25.25,24.8,25.25,3786100,KBC
2023-01-18 07:00:00,25.25,25.7,25.25,25.45,4032500,KBC
2023-01-19 07:00:00,25.3,25.5,24.8,25.2,4969100,KBC
2023-01-27 07:00:00,25.5,26.95,25.5,26.95,11327300,KBC
2023-01-30 07:00:00,27.0,27.4,26.4,26.55,5091100,KBC
2023-01-31 07:00:00,26.0,26.3,25.3,25.9,9617200,KBC
2023-02-01 07:00:00,26.05,26.15,24.3,24.3,9505100,KBC
2023-02-02 07:00:00,24.2,24.5,22.8,23.0,9092200,KBC
2023-02-03 07:00:00,23.2,24.0,23.2,24.0,4331900,KBC
2023-02-06 07:00:00,23.95,24.45,23.5,24.3,3700400,KBC
2023-02-07 07:00:00,24.2,24.4,22.9,23.4,3696100,KBC
2023-02-08 07:00:00,23.5,23.6,22.0,23.4,5342800,KBC
2023-02-09 07:00:00,23.35,23.9,23.0,23.5,3564400,KBC
2023-02-10 07:00:00,23.35,23.35,22.25,22.25,4909400,KBC
2023-02-13 07:00:00,22.0,22.05,20.8,21.9,4657900,KBC
2023-02-14 07:00:00,22.2,22.5,21.85,22.45,2428400,KBC
2023-02-15 07:00:00,22.5,23.2,22.5,23.0,3910600,KBC
2023-02-16 07:00:00,23.5,24.1,23.35,23.95,4796700,KBC
2023-02-17 07:00:00,23.95,24.2,23.6,24.0,3096700,KBC
2023-02-20 07:00:00,24.0,24.45,23.75,24.45,4678500,KBC
2023-02-21 07:00:00,24.5,24.85,24.0,24.0,3292400,KBC
2023-02-22 07:00:00,23.45,24.0,23.2,23.2,4775100,KBC
2023-02-23 07:00:00,23.2,23.4,21.9,22.95,4357300,KBC
2023-02-24 07:00:00,23.0,23.05,22.2,22.35,1853600,KBC
2023-02-27 07:00:00,21.3,22.05,21.1,21.1,3569400,KBC
2023-02-28 07:00:00,21.4,21.7,21.0,21.25,1613900,KBC
2023-03-01 07:00:00,21.15,22.3,20.5,22.3,2687300,KBC
2023-03-02 07:00:00,22.3,22.4,22.0,22.35,1597300,KBC
2023-03-03 07:00:00,22.3,22.6,21.5,21.5,3456800,KBC
2023-03-06 07:00:00,22.0,22.1,21.55,21.55,2334500,KBC
2023-03-07 07:00:00,21.65,21.9,21.4,21.8,1807200,KBC
2023-03-08 07:00:00,21.45,22.85,21.3,22.85,4576800,KBC
2023-03-09 07:00:00,23.1,23.2,22.65,22.8,2656000,KBC
2023-03-10 07:00:00,22.65,22.75,22.25,22.5,1881500,KBC
2023-03-13 07:00:00,22.4,22.5,22.0,22.2,1512500,KBC
2023-03-14 07:00:00,22.1,22.2,20.95,21.35,4069900,KBC
2023-03-15 07:00:00,21.95,22.5,21.55,22.5,3874800,KBC
2023-03-16 07:00:00,22.25,22.4,21.9,22.2,2409500,KBC
2023-03-17 07:00:00,22.6,22.6,22.0,22.2,3321200,KBC
2023-03-20 07:00:00,22.0,22.05,21.4,21.9,2601800,KBC
2023-03-21 07:00:00,21.9,22.2,21.55,22.2,2434700,KBC
2023-03-22 07:00:00,22.2,22.45,22.1,22.2,2525400,KBC
2023-03-23 07:00:00,22.05,22.35,21.85,22.2,1627000,KBC
2023-03-24 07:00:00,22.4,23.1,22.4,22.6,7327500,KBC
2023-03-27 07:00:00,22.6,23.1,22.6,23.05,3510200,KBC
2023-03-28 07:00:00,23.4,23.4,22.7,22.7,3907600,KBC
2023-03-29 07:00:00,22.65,22.8,22.55,22.7,2160200,KBC
2023-03-30 07:00:00,23.1,23.35,22.7,22.7,3209500,KBC
2023-03-31 07:00:00,22.7,24.25,22.7,24.25,11169900,KBC
2023-04-03 07:00:00,25.0,25.15,24.65,25.15,7106700,KBC
2023-04-04 07:00:00,25.15,25.4,24.8,25.3,6886300,KBC
2023-04-05 07:00:00,25.3,26.25,25.1,26.2,8376000,KBC
2023-04-06 07:00:00,26.05,26.2,25.1,25.1,8137100,KBC
2023-04-07 07:00:00,25.3,25.4,24.8,25.05,6233900,KBC
2023-04-10 07:00:00,25.4,26.5,25.1,26.4,10864300,KBC
2023-04-11 07:00:00,26.3,26.4,25.5,26.0,7027800,KBC
2023-04-12 07:00:00,26.0,26.9,25.8,26.2,7833100,KBC
2023-04-13 07:00:00,26.2,26.7,25.95,26.5,6185500,KBC
2023-04-14 07:00:00,26.55,26.7,24.65,24.65,10984300,KBC
2023-04-17 07:00:00,24.65,25.25,24.4,25.15,3823000,KBC
2023-04-18 07:00:00,25.2,25.6,24.9,25.3,3419000,KBC
2023-04-19 07:00:00,25.4,25.4,24.3,24.3,5841700,KBC
2023-04-20 07:00:00,24.4,24.7,24.25,24.3,3088200,KBC
2023-04-21 07:00:00,24.4,25.1,24.15,24.5,5630400,KBC
2023-04-24 07:00:00,24.4,24.75,24.3,24.3,2268700,KBC
2023-04-25 07:00:00,24.55,25.0,24.2,24.6,5674700,KBC
2023-04-26 07:00:00,24.6,24.7,24.15,24.6,3068900,KBC
2023-04-27 07:00:00,24.7,25.45,24.7,24.9,8499800,KBC
2023-04-28 07:00:00,25.2,25.85,25.0,25.8,9154200,KBC
2023-05-04 07:00:00,26.4,26.95,25.85,26.2,12476400,KBC
2023-05-05 07:00:00,26.15,26.4,25.85,25.9,6121900,KBC
2023-05-08 07:00:00,26.1,26.5,25.85,26.1,6500400,KBC
2023-05-09 07:00:00,26.25,27.7,26.25,27.5,17802200,KBC
2023-05-10 07:00:00,27.5,28.0,27.35,27.8,9337300,KBC
2023-05-11 07:00:00,27.9,28.0,27.5,27.6,7165800,KBC
2023-05-12 07:00:00,27.6,28.3,27.45,28.0,9097800,KBC
2023-05-15 07:00:00,28.2,28.35,27.4,27.4,8934200,KBC
2023-05-16 07:00:00,27.3,27.4,26.8,27.2,10568400,KBC
2023-05-17 07:00:00,27.2,27.45,26.35,26.35,10927200,KBC
2023-05-18 07:00:00,26.5,26.9,26.2,26.45,7570000,KBC
2023-05-19 07:00:00,26.6,27.1,26.4,27.0,7888400,KBC
2023-05-22 07:00:00,27.15,27.45,26.95,27.3,6762100,KBC
2023-05-23 07:00:00,27.3,27.45,26.6,26.85,8728100,KBC
2023-05-24 07:00:00,27.0,27.25,26.5,26.55,8736600,KBC
2023-05-25 07:00:00,26.45,27.2,26.45,26.7,7452700,KBC
2023-05-26 07:00:00,26.8,27.15,26.75,27.0,5378500,KBC
2023-05-29 07:00:00,27.45,28.2,27.3,28.15,12168800,KBC
2023-05-30 07:00:00,28.3,28.3,27.45,27.85,8890200,KBC
2023-05-31 07:00:00,27.8,28.5,27.65,28.05,11146100,KBC
2023-06-01 07:00:00,28.15,28.6,27.8,28.5,10381900,KBC
2023-06-02 07:00:00,28.8,29.0,28.5,28.65,9832300,KBC
2023-06-05 07:00:00,28.9,28.9,27.8,27.9,14675200,KBC
2023-06-06 07:00:00,27.85,28.1,27.6,28.0,10375600,KBC
2023-06-07 07:00:00,28.15,28.35,27.9,28.3,9923800,KBC
2023-06-08 07:00:00,28.4,28.7,27.5,27.5,17346400,KBC
2023-06-09 07:00:00,27.5,27.75,26.9,27.6,9186700,KBC
2023-06-12 07:00:00,27.75,27.9,27.0,27.9,9284300,KBC
2023-06-13 07:00:00,28.1,28.1,27.6,27.9,6178800,KBC
2023-06-14 07:00:00,28.1,28.3,27.7,27.7,10764400,KBC
2023-06-15 07:00:00,27.7,27.8,27.35,27.6,4248100,KBC
2023-06-16 07:00:00,27.85,28.25,27.5,27.5,8993400,KBC
2023-06-19 07:00:00,27.7,28.0,27.5,27.75,6018900,KBC
2023-06-20 07:00:00,27.8,28.8,27.8,28.75,14361100,KBC
2023-06-21 07:00:00,28.85,29.3,28.75,29.3,10272300,KBC
2023-06-22 07:00:00,29.35,29.7,28.75,29.1,10789300,KBC
2023-06-23 07:00:00,29.3,29.6,29.0,29.0,8796100,KBC
2023-06-26 07:00:00,29.2,30.15,28.8,30.0,15768700,KBC
2023-06-27 07:00:00,30.2,30.6,30.05,30.3,11448100,KBC
2023-06-28 07:00:00,30.3,30.3,29.6,29.6,10073600,KBC
2023-06-29 07:00:00,29.5,29.8,29.0,29.0,10575900,KBC
2023-06-30 07:00:00,29.15,29.65,29.05,29.35,7507900,KBC
2023-07-03 07:00:00,29.55,30.1,29.3,29.8,6584100,KBC
2023-07-04 07:00:00,29.8,29.85,29.5,29.8,5356700,KBC
2023-07-05 07:00:00,30.0,30.25,29.5,29.5,10370500,KBC
2023-07-06 07:00:00,29.6,30.45,29.3,30.05,10157000,KBC
2023-07-07 07:00:00,30.0,30.8,29.9,30.6,8086100,KBC
2023-07-10 07:00:00,30.7,30.85,30.25,30.6,7343700,KBC
2023-07-11 07:00:00,30.6,31.3,30.55,30.8,8600700,KBC
2023-07-12 07:00:00,30.85,31.1,30.5,30.95,7265900,KBC
2023-07-13 07:00:00,31.05,31.2,30.8,31.0,6339900,KBC
2023-07-14 07:00:00,31.2,31.3,30.55,31.0,8146700,KBC
2023-07-17 07:00:00,31.1,31.2,30.55,30.85,7429700,KBC
2023-07-18 07:00:00,30.9,30.9,30.6,30.65,6174200,KBC
2023-07-19 07:00:00,30.7,31.5,30.7,30.7,7336200,KBC
2023-07-20 07:00:00,30.75,31.2,30.6,30.8,5194100,KBC
2023-07-21 07:00:00,31.15,32.8,31.1,32.55,14791100,KBC
2023-07-24 07:00:00,32.6,32.75,32.05,32.4,6680700,KBC
2023-07-25 07:00:00,32.6,32.6,31.9,32.0,8110600,KBC
2023-07-26 07:00:00,31.9,32.4,31.75,32.2,5898300,KBC
2023-07-27 07:00:00,31.95,32.7,31.75,32.55,7508100,KBC
2023-07-28 07:00:00,32.55,33.2,32.2,32.8,8181000,KBC
2023-07-31 07:00:00,33.8,33.9,32.6,33.0,11147900,KBC
2023-08-01 07:00:00,33.1,33.1,32.05,32.05,12274100,KBC
2023-08-02 07:00:00,32.15,32.5,31.9,32.1,7566400,KBC
2023-08-03 07:00:00,32.4,32.75,32.0,32.05,5710900,KBC
2023-08-04 07:00:00,32.2,32.5,32.05,32.5,5711900,KBC
2023-08-07 07:00:00,32.8,33.0,32.45,32.6,7786700,KBC
2023-08-08 07:00:00,32.6,32.85,31.95,32.0,8172000,KBC
2023-08-09 07:00:00,31.9,32.15,31.15,31.3,9401600,KBC
2023-08-10 07:00:00,31.45,31.55,30.8,30.8,7624800,KBC
2023-08-11 07:00:00,30.95,32.05,30.8,32.0,9298100,KBC
2023-08-14 07:00:00,32.1,32.7,32.0,32.45,10671200,KBC
2023-08-15 07:00:00,32.7,33.2,32.5,32.6,10020400,KBC
2023-08-16 07:00:00,32.5,32.65,32.25,32.35,4563400,KBC
2023-08-17 07:00:00,32.6,32.8,32.25,32.25,8270100,KBC
2023-08-18 07:00:00,32.0,32.05,30.0,30.0,15206900,KBC
2023-08-21 07:00:00,30.1,30.6,29.5,30.0,7348600,KBC
2023-08-22 07:00:00,30.6,31.4,29.5,31.4,9023200,KBC
2023-08-23 07:00:00,31.85,31.85,31.1,31.1,4037100,KBC
2023-08-24 07:00:00,31.5,31.7,31.0,31.65,3849900,KBC
2023-08-25 07:00:00,31.65,32.35,31.55,31.6,7901300,KBC
2023-08-28 07:00:00,31.65,32.3,31.65,32.3,6262400,KBC
2023-08-29 07:00:00,32.7,33.7,32.7,33.2,16825200,KBC
2023-08-30 07:00:00,33.6,33.8,33.2,33.6,7576500,KBC
2023-08-31 07:00:00,33.7,34.7,33.45,34.45,12970600,KBC
2023-09-05 07:00:00,34.8,34.8,34.0,34.2,10906700,KBC
2023-09-06 07:00:00,34.5,34.6,33.95,34.4,12177700,KBC
2023-09-07 07:00:00,34.65,34.75,34.0,34.25,13100100,KBC
2023-09-08 07:00:00,34.2,35.9,34.0,35.4,17852800,KBC
2023-09-11 07:00:00,36.0,36.1,34.05,34.1,19333700,KBC
2023-09-12 07:00:00,34.3,35.0,33.75,35.0,11094000,KBC
2023-09-13 07:00:00,35.2,35.4,34.0,34.55,12292300,KBC
2023-09-14 07:00:00,34.5,35.1,34.0,34.9,12434200,KBC
2023-09-15 07:00:00,35.05,36.35,34.85,35.6,18283100,KBC
2023-09-18 07:00:00,35.7,36.05,34.9,35.25,8238900,KBC
2023-09-19 07:00:00,35.4,35.5,34.5,35.15,9974400,KBC
2023-09-20 07:00:00,35.2,36.2,34.85,36.15,10699100,KBC
2023-09-21 07:00:00,36.4,36.6,35.7,35.7,10256100,KBC
2023-09-22 07:00:00,35.0,35.35,33.5,34.0,15333800,KBC
2023-09-25 07:00:00,34.0,35.0,31.7,31.7,13206200,KBC
2023-09-26 07:00:00,31.75,32.85,31.5,31.65,9473900,KBC
2023-09-27 07:00:00,32.0,32.6,30.5,32.6,10380600,KBC
2023-09-28 07:00:00,32.4,32.75,31.8,32.55,6134900,KBC
2023-09-29 07:00:00,32.7,32.95,32.1,32.1,4475500,KBC
2023-10-02 07:00:00,32.4,32.8,32.05,32.3,4326400,KBC
2023-10-03 07:00:00,32.0,32.0,30.2,30.25,11098700,KBC
2023-10-04 07:00:00,29.5,31.65,29.5,30.6,7599300,KBC
2023-10-05 07:00:00,31.05,31.85,30.8,30.8,6783900,KBC
2023-10-06 07:00:00,30.7,31.7,30.6,31.65,5417200,KBC
2023-10-09 07:00:00,31.65,32.05,31.4,31.65,5309100,KBC
2023-10-10 07:00:00,32.0,32.45,31.6,31.6,8419800,KBC
2023-10-11 07:00:00,31.75,32.2,31.45,32.0,6267500,KBC
2023-10-12 07:00:00,32.3,32.75,32.1,32.4,8165900,KBC
2023-10-13 07:00:00,32.1,33.3,32.0,33.3,13163100,KBC
2023-10-16 07:00:00,33.5,34.25,33.0,33.0,11174300,KBC
2023-10-17 07:00:00,33.25,33.45,30.7,30.7,11245500,KBC
2023-10-18 07:00:00,31.1,31.4,29.0,30.35,11395800,KBC
2023-10-19 07:00:00,30.1,30.3,29.2,29.35,8896000,KBC
2023-10-20 07:00:00,29.15,30.4,28.7,30.4,6992700,KBC
2023-10-23 07:00:00,30.5,30.8,30.25,30.4,6477500,KBC
2023-10-24 07:00:00,30.5,31.25,30.1,31.25,5711200,KBC
2023-10-25 07:00:00,31.25,31.4,30.5,30.65,7186500,KBC
2023-10-26 07:00:00,29.7,29.9,28.55,28.55,12673500,KBC
2023-10-27 07:00:00,29.0,29.1,27.5,28.5,6035500,KBC
2023-10-30 07:00:00,27.8,28.4,26.55,26.55,5479900,KBC
2023-10-31 07:00:00,26.55,26.95,25.2,25.5,9482700,KBC
2023-11-01 07:00:00,25.55,26.8,25.4,26.7,6780600,KBC
2023-11-02 07:00:00,27.3,28.5,27.05,28.5,7277700,KBC
2023-11-03 07:00:00,28.65,28.65,27.9,28.45,8448500,KBC
2023-11-06 07:00:00,28.6,28.85,27.9,28.6,6721200,KBC
2023-11-07 07:00:00,28.2,29.3,28.1,28.5,5791000,KBC
2023-11-08 07:00:00,28.45,30.45,28.4,30.45,11636300,KBC
2023-11-09 07:00:00,30.8,31.5,30.1,30.7,13142000,KBC
2023-11-10 07:00:00,30.45,31.35,30.4,30.6,9958700,KBC
2023-11-13 07:00:00,30.8,31.3,30.15,30.8,6362000,KBC
2023-11-14 07:00:00,31.2,31.2,30.55,30.75,5581000,KBC
2023-11-15 07:00:00,31.5,31.5,30.5,30.7,7475400,KBC
2023-11-16 07:00:00,30.55,31.2,30.55,31.2,5621600,KBC
2023-11-17 07:00:00,31.45,32.5,31.05,31.45,17949300,KBC
2023-11-20 07:00:00,30.6,32.45,30.6,32.05,12523600,KBC
2023-11-21 07:00:00,32.45,32.5,31.9,32.1,5780600,KBC
2023-11-22 07:00:00,32.1,32.4,31.65,32.4,7206100,KBC
2023-11-23 07:00:00,32.7,32.75,30.4,30.4,9273800,KBC
2023-11-24 07:00:00,30.75,31.35,29.9,31.35,9947700,KBC
2023-11-27 07:00:00,31.4,31.75,30.85,31.0,3499900,KBC
2023-11-28 07:00:00,30.95,31.1,29.95,31.0,7293100,KBC
2023-11-29 07:00:00,31.15,31.2,30.8,31.0,5768100,KBC
2023-11-30 07:00:00,31.05,31.9,31.05,31.1,8285000,KBC
2023-12-01 07:00:00,31.45,31.65,31.0,31.55,5518600,KBC
2023-12-04 07:00:00,32.1,33.1,32.05,32.85,13657300,KBC
2023-12-05 07:00:00,32.85,32.9,32.5,32.85,5979300,KBC
2023-12-06 07:00:00,33.1,33.3,32.6,33.05,8941800,KBC
2023-12-07 07:00:00,33.05,33.05,31.5,32.2,12707700,KBC
2023-12-08 07:00:00,32.2,32.6,32.1,32.55,6362200,KBC
2023-12-11 07:00:00,32.85,32.85,32.1,32.45,4039200,KBC
2023-12-12 07:00:00,32.65,32.85,32.15,32.2,4900800,KBC
2023-12-13 07:00:00,32.35,32.45,31.25,31.45,10237100,KBC
2023-12-14 07:00:00,31.8,31.85,31.0,31.0,6188800,KBC
2023-12-15 07:00:00,31.05,31.3,30.7,30.7,6586200,KBC
2023-12-18 07:00:00,30.8,30.8,30.1,30.15,6441300,KBC
2023-12-19 07:00:00,30.15,30.9,30.1,30.9,6084200,KBC
2023-12-20 07:00:00,30.9,31.5,30.9,31.5,4384300,KBC
2023-12-21 07:00:00,31.05,31.35,30.9,31.1,4383100,KBC
2023-12-22 07:00:00,31.1,31.45,31.0,31.1,3657800,KBC
2023-12-25 07:00:00,31.05,31.6,31.05,31.6,4013400,KBC
2023-12-26 07:00:00,31.75,32.15,31.7,31.7,5128400,KBC
2023-12-27 07:00:00,31.75,31.85,31.5,31.5,4205200,KBC
2023-12-28 07:00:00,31.5,31.7,31.35,31.5,4087400,KBC
2023-12-29 07:00:00,31.55,31.9,31.5,31.75,4636200,KBC
2024-01-02 07:00:00,32.0,32.2,31.5,31.55,5368200,KBC
2024-01-03 07:00:00,31.5,31.9,31.45,31.9,3813500,KBC
2024-01-04 07:00:00,31.95,32.35,31.7,31.7,12751800,KBC
2024-01-05 07:00:00,31.7,32.4,31.65,31.95,6351000,KBC
2024-01-08 07:00:00,32.2,32.5,32.0,32.3,7233000,KBC
2024-01-09 07:00:00,32.4,32.75,32.15,32.25,9100400,KBC
2024-01-10 07:00:00,32.15,32.2,31.45,31.65,10596100,KBC
2024-01-11 07:00:00,31.65,31.8,31.5,31.7,7229000,KBC
2024-01-12 07:00:00,31.3,31.5,30.65,30.9,10419200,KBC
2024-01-15 07:00:00,31.2,31.2,30.45,30.45,4325200,KBC
2024-01-16 07:00:00,30.4,30.95,30.4,30.95,4029900,KBC
2024-01-17 07:00:00,30.95,31.3,30.9,30.95,4610000,KBC
2024-01-18 07:00:00,31.1,31.4,31.0,31.4,3862500,KBC
2024-01-19 07:00:00,31.55,32.2,31.5,31.55,5407300,KBC
2024-01-22 07:00:00,31.5,31.7,29.35,30.75,17832200,KBC
2024-01-23 07:00:00,30.75,30.75,30.2,30.35,6124700,KBC
2024-01-24 07:00:00,30.25,30.8,30.25,30.5,5005500,KBC
2024-01-25 07:00:00,30.5,30.65,30.3,30.3,4094800,KBC
2024-01-26 07:00:00,30.4,30.7,30.15,30.2,6069600,KBC
2024-01-29 07:00:00,30.4,30.75,30.2,30.4,2945700,KBC
2024-01-30 07:00:00,30.6,31.0,30.35,30.95,5924900,KBC
2024-01-31 07:00:00,31.0,31.15,30.25,30.25,5733100,KBC
2024-02-01 07:00:00,30.3,31.6,30.3,31.35,9323700,KBC
2024-02-02 07:00:00,31.5,31.55,30.95,30.95,4478300,KBC
2024-02-05 07:00:00,31.0,31.25,30.85,31.05,4653200,KBC
2024-02-06 07:00:00,31.1,31.2,31.0,31.15,3792300,KBC
2024-02-07 07:00:00,31.2,31.3,31.0,31.2,3915800,KBC
2024-02-15 07:00:00,31.5,31.5,30.9,31.05,5965400,KBC
2024-02-16 07:00:00,31.05,31.95,31.05,31.45,7946400,KBC
2024-02-19 07:00:00,31.45,32.3,31.25,31.95,10857700,KBC
2024-02-20 07:00:00,32.1,32.1,31.55,31.95,5409400,KBC
2024-02-21 07:00:00,31.85,32.4,31.6,31.75,6849400,KBC
2024-02-22 07:00:00,31.85,32.05,31.75,31.75,5785200,KBC
2024-02-23 07:00:00,31.75,31.8,30.6,30.6,11070700,KBC
2024-02-26 07:00:00,30.5,30.75,30.4,30.6,5611900,KBC
2024-02-27 07:00:00,30.65,31.25,30.65,31.05,4979200,KBC
2024-02-28 07:00:00,31.15,31.45,31.0,31.2,5521400,KBC
2024-02-29 07:00:00,31.2,31.35,30.8,31.0,7926000,KBC
2024-03-01 07:00:00,31.2,31.25,30.85,31.2,5968600,KBC
2024-03-04 07:00:00,31.5,33.35,31.4,33.35,35641400,KBC
2024-03-05 07:00:00,33.4,33.7,33.15,33.3,7776000,KBC
2024-03-06 07:00:00,33.3,33.5,32.55,32.75,10553400,KBC
2024-03-07 07:00:00,32.7,33.4,32.45,32.95,15642500,KBC
2024-03-08 07:00:00,33.4,34.35,32.8,33.1,19710500,KBC
2024-03-11 07:00:00,33.1,33.5,31.85,32.1,13355300,KBC
2024-03-12 07:00:00,32.0,32.9,31.55,32.0,10765500,KBC
2024-03-13 07:00:00,32.5,32.95,32.2,32.9,12353400,KBC
2024-03-14 07:00:00,33.2,35.0,33.2,33.95,24486000,KBC
2024-03-15 07:00:00,34.2,34.2,33.05,33.6,12529900,KBC
2024-03-18 07:00:00,33.95,34.05,31.4,32.1,19180200,KBC
2024-03-19 07:00:00,32.4,32.6,31.95,32.4,11609800,KBC
2024-03-20 07:00:00,32.45,32.9,32.05,32.9,7099800,KBC
2024-03-21 07:00:00,33.5,34.8,33.05,34.5,28696100,KBC
2024-03-22 07:00:00,34.85,35.9,34.2,35.7,21473100,KBC
2024-03-25 07:00:00,35.7,35.85,34.5,35.0,13776500,KBC
2024-03-26 07:00:00,34.85,36.25,34.5,36.1,13766600,KBC
2024-03-27 07:00:00,36.3,36.3,35.35,35.55,7881600,KBC
2024-03-28 07:00:00,35.65,35.95,35.15,35.55,9189700,KBC
2024-03-29 07:00:00,35.55,35.75,34.75,34.95,9737600,KBC
2024-04-01 07:00:00,34.85,34.85,34.1,34.4,13562300,KBC
2024-04-02 07:00:00,34.2,35.5,33.95,35.5,10006600,KBC
2024-04-03 07:00:00,35.3,35.35,34.2,34.35,12411300,KBC
2024-04-04 07:00:00,34.35,34.45,33.5,33.7,11676000,KBC
2024-04-05 07:00:00,33.1,33.65,33.0,33.0,10025000,KBC
2024-04-08 07:00:00,33.0,33.45,32.65,33.0,6555700,KBC
2024-04-09 07:00:00,33.0,33.7,32.8,33.7,5655600,KBC
2024-04-10 07:00:00,33.8,33.8,33.0,33.0,4327700,KBC
2024-04-11 07:00:00,32.55,33.4,32.55,33.2,6423400,KBC
2024-04-12 07:00:00,33.3,33.45,33.1,33.4,4526700,KBC
2024-04-15 07:00:00,33.2,33.45,31.1,31.1,12469400,KBC
2024-04-16 07:00:00,31.0,31.0,29.6,30.6,10986100,KBC
2024-04-17 07:00:00,30.95,30.95,29.5,29.5,5382300,KBC
2024-04-19 07:00:00,28.8,29.5,27.95,28.0,8947600,KBC
2024-04-22 07:00:00,28.5,29.35,28.2,29.15,4448500,KBC
2024-04-23 07:00:00,29.2,29.3,28.1,28.25,3959100,KBC
2024-04-24 07:00:00,28.6,29.85,28.6,29.5,5032200,KBC
2024-04-25 07:00:00,29.45,29.5,28.95,29.5,3026800,KBC
2024-04-26 07:00:00,29.05,29.45,28.9,29.0,4112400,KBC
2024-05-02 07:00:00,28.65,29.2,28.3,29.0,4818100,KBC
2024-05-03 07:00:00,29.25,29.9,29.05,29.5,5085300,KBC
2024-05-06 07:00:00,29.95,30.3,29.6,30.25,4159000,KBC
2024-05-07 07:00:00,30.3,30.6,30.1,30.2,3887000,KBC
2024-05-08 07:00:00,30.0,30.2,29.6,30.05,4423300,KBC
2024-05-09 07:00:00,30.05,30.4,29.9,30.0,3926300,KBC
2024-05-10 07:00:00,30.0,30.2,29.55,29.9,3766500,KBC
2024-05-13 07:00:00,29.9,30.25,29.65,30.0,4148300,KBC
2024-05-14 07:00:00,29.95,30.8,29.95,30.15,6263400,KBC
2024-05-15 07:00:00,30.4,30.5,30.1,30.25,4395000,KBC
2024-05-16 07:00:00,30.6,30.75,30.35,30.5,5994200,KBC
2024-05-17 07:00:00,30.45,30.95,30.4,30.8,5514000,KBC
2024-05-20 07:00:00,31.05,31.45,31.0,31.0,5798000,KBC
2024-05-21 07:00:00,31.2,31.85,30.8,31.4,13517200,KBC
2024-05-22 07:00:00,31.7,31.7,30.9,31.0,6258500,KBC
2024-05-23 07:00:00,30.95,31.6,30.8,31.6,6413300,KBC
2024-05-24 07:00:00,31.3,32.15,30.45,30.85,10981700,KBC
2024-05-27 07:00:00,31.0,31.25,30.8,31.2,3775500,KBC
2024-05-28 07:00:00,31.45,32.15,31.25,32.1,9224000,KBC
2024-05-29 07:00:00,32.2,32.2,31.5,31.85,6167400,KBC
2024-05-30 07:00:00,31.35,31.65,30.7,31.5,7599000,KBC
2024-05-31 07:00:00,31.55,31.6,31.15,31.4,3558400,KBC
2024-06-03 07:00:00,31.75,32.3,31.55,32.3,7858600,KBC
2024-06-04 07:00:00,32.5,32.5,31.85,31.9,4697800,KBC
2024-06-05 07:00:00,31.9,32.5,31.6,31.6,7645800,KBC
2024-06-06 07:00:00,31.9,31.9,31.2,31.6,4463300,KBC
2024-06-07 07:00:00,31.7,31.8,31.35,31.6,2992600,KBC
2024-06-10 07:00:00,31.75,32.2,31.6,31.7,4843300,KBC
2024-06-11 07:00:00,31.85,31.9,31.2,31.4,5831100,KBC
2024-06-12 07:00:00,31.45,31.6,30.95,31.6,6930100,KBC
2024-06-13 07:00:00,31.75,31.75,31.25,31.35,5605200,KBC
2024-06-14 07:00:00,31.4,31.7,30.3,30.3,7259100,KBC
2024-06-17 07:00:00,30.5,30.5,30.2,30.2,4315400,KBC
2024-06-18 07:00:00,30.35,30.8,30.35,30.4,2736800,KBC
2024-06-19 07:00:00,30.4,30.4,29.8,29.9,7062700,KBC
2024-06-20 07:00:00,30.05,30.25,29.55,29.8,3516500,KBC
2024-06-21 07:00:00,29.65,30.1,29.3,29.35,3520000,KBC
2024-06-24 07:00:00,29.45,30.3,29.4,29.75,8975400,KBC
2024-06-25 07:00:00,29.75,29.95,29.6,29.8,1863700,KBC
2024-06-26 07:00:00,29.85,29.95,29.3,29.5,2931000,KBC
2024-06-27 07:00:00,29.5,29.9,29.15,29.25,2792100,KBC
2024-06-28 07:00:00,29.35,29.55,28.3,29.0,3948600,KBC
2024-07-01 07:00:00,29.0,29.25,28.65,28.95,1783200,KBC
2024-07-02 07:00:00,29.1,29.4,29.05,29.3,2438100,KBC
2024-07-03 07:00:00,29.45,29.45,29.15,29.45,1776200,KBC
2024-07-04 07:00:00,29.45,29.6,29.1,29.3,2475900,KBC
2024-07-05 07:00:00,29.3,29.4,28.85,29.0,2492800,KBC
2024-07-08 07:00:00,29.05,29.2,28.5,28.55,5375200,KBC
2024-07-09 07:00:00,28.65,29.1,28.6,28.95,3211800,KBC
2024-07-10 07:00:00,29.1,29.3,28.8,28.8,3572700,KBC
2024-07-11 07:00:00,29.0,29.35,28.85,28.9,2974200,KBC
2024-07-12 07:00:00,28.9,29.05,28.5,28.6,2943200,KBC
2024-07-15 07:00:00,28.9,28.9,28.25,28.25,3623700,KBC
2024-07-16 07:00:00,28.3,28.8,28.25,28.3,3479300,KBC
2024-07-17 07:00:00,28.6,28.6,27.0,27.0,5992700,KBC
2024-07-18 07:00:00,27.3,27.5,27.1,27.45,3236800,KBC
2024-07-19 07:00:00,27.8,27.8,27.05,27.2,2191500,KBC
2024-07-22 07:00:00,27.25,27.5,26.7,26.9,3701900,KBC
2024-07-23 07:00:00,26.85,27.15,26.5,26.5,2262000,KBC
2024-07-24 07:00:00,26.5,27.8,26.3,27.5,4542200,KBC
2024-07-25 07:00:00,27.45,27.75,27.05,27.75,1846900,KBC
2024-07-26 07:00:00,27.75,28.0,27.45,28.0,1524100,KBC
2024-07-29 07:00:00,28.1,28.25,27.55,27.9,2287200,KBC
2024-07-30 07:00:00,27.7,27.85,27.25,27.3,2067400,KBC
2024-07-31 07:00:00,27.05,27.6,26.9,27.3,3743500,KBC
2024-08-01 07:00:00,27.2,27.2,25.9,26.0,4615400,KBC
2024-08-02 07:00:00,26.0,26.3,25.5,25.95,2871600,KBC
2024-08-05 07:00:00,25.5,25.85,24.2,24.35,4849500,KBC
2024-08-06 07:00:00,25.0,25.0,24.35,24.6,2171800,KBC
2024-08-07 07:00:00,24.8,25.0,24.6,24.75,1195800,KBC
2024-08-08 07:00:00,24.65,24.85,24.25,24.35,3165000,KBC
2024-08-09 07:00:00,24.6,25.2,24.6,25.2,3197300,KBC
2024-08-12 07:00:00,25.1,25.5,25.0,25.4,1776600,KBC
2024-08-13 07:00:00,25.45,25.45,24.95,25.2,1888100,KBC
2024-08-14 07:00:00,25.25,25.4,25.05,25.3,1819800,KBC
2024-08-15 07:00:00,25.1,25.25,24.75,24.9,2214200,KBC
2024-08-16 07:00:00,25.0,26.6,24.95,26.6,5768300,KBC
2024-08-19 07:00:00,26.9,26.95,26.55,26.6,2282700,KBC
2024-08-20 07:00:00,26.7,27.5,26.35,27.15,3682400,KBC
2024-08-21 07:00:00,27.25,27.4,27.1,27.3,2857600,KBC
2024-08-22 07:00:00,27.3,27.45,27.1,27.15,2175100,KBC
2024-08-23 07:00:00,27.1,27.25,26.8,26.95,1993700,KBC
2024-08-26 07:00:00,27.1,27.5,26.7,26.7,2672200,KBC
2024-08-27 07:00:00,26.7,26.95,26.7,26.75,2441700,KBC
2024-08-28 07:00:00,26.85,27.3,26.5,26.8,2411900,KBC
2024-08-29 07:00:00,26.85,26.95,26.55,26.6,1139000,KBC
2024-08-30 07:00:00,26.65,26.75,26.5,26.75,1884100,KBC
2024-09-04 07:00:00,26.35,26.35,26.0,26.35,3820800,KBC
2024-09-05 07:00:00,26.35,26.55,25.9,26.05,2789200,KBC
2024-09-06 07:00:00,26.05,26.5,25.6,26.5,2668600,KBC
2024-09-09 07:00:00,26.4,26.5,26.0,26.3,1937300,KBC
2024-09-10 07:00:00,26.4,26.4,25.75,25.75,2373900,KBC
2024-09-11 07:00:00,25.4,25.75,25.3,25.4,2239300,KBC
2024-09-12 07:00:00,25.7,25.7,25.15,25.4,1730900,KBC
2024-09-13 07:00:00,25.4,25.5,25.1,25.1,1343500,KBC
2024-09-16 07:00:00,25.15,25.3,24.7,24.7,2113100,KBC
2024-09-17 07:00:00,24.7,25.35,24.45,25.25,2114400,KBC
2024-09-18 07:00:00,25.25,25.6,25.25,25.25,1487400,KBC
2024-09-19 07:00:00,25.4,26.9,25.4,26.75,5653100,KBC
2024-09-20 07:00:00,26.9,27.15,26.5,26.65,4419300,KBC
2024-09-23 07:00:00,26.65,26.8,26.3,26.4,2278100,KBC
2024-09-24 07:00:00,26.35,28.2,26.2,28.2,11979800,KBC
2024-09-25 07:00:00,28.4,28.4,27.95,28.05,4155400,KBC
2024-09-26 07:00:00,28.2,28.55,27.8,27.95,5081500,KBC
2024-09-27 07:00:00,28.2,28.45,27.8,28.05,4244100,KBC
2024-09-30 07:00:00,28.0,28.4,28.0,28.2,3257000,KBC
2024-10-01 07:00:00,28.3,28.9,28.15,28.2,4698400,KBC
2024-10-02 07:00:00,28.05,28.2,27.5,27.6,4104500,KBC
2024-10-03 07:00:00,27.8,27.8,27.0,27.15,4183000,KBC
2024-10-04 07:00:00,27.15,27.6,27.1,27.2,3252800,KBC
2024-10-07 07:00:00,27.45,27.6,27.15,27.2,2752200,KBC
2024-10-08 07:00:00,27.3,27.8,27.1,27.7,3523100,KBC
2024-10-09 07:00:00,27.95,28.75,27.95,28.15,6006500,KBC
2024-10-10 07:00:00,28.5,28.5,27.8,27.85,3040500,KBC
2024-10-11 07:00:00,27.9,27.95,27.55,27.95,2841700,KBC
2024-10-14 07:00:00,28.0,28.2,27.6,27.75,2048300,KBC
2024-10-15 07:00:00,27.95,28.05,27.2,27.2,3906200,KBC
2024-10-16 07:00:00,27.25,27.4,27.15,27.2,1913700,KBC
2024-10-17 07:00:00,27.25,27.7,26.75,27.7,3154200,KBC
2024-10-18 07:00:00,27.7,28.25,27.5,27.7,4299700,KBC
2024-10-21 07:00:00,27.7,27.75,27.2,27.25,2119000,KBC
2024-10-22 07:00:00,27.2,27.25,26.05,26.25,7248600,KBC
2024-10-23 07:00:00,26.4,26.45,26.2,26.25,2610300,KBC
2024-10-24 07:00:00,26.3,26.4,25.8,25.8,3138100,KBC
2024-10-25 07:00:00,26.25,26.25,25.85,25.9,1469000,KBC
2024-10-28 07:00:00,25.95,26.1,25.65,26.1,2583500,KBC
2024-10-29 07:00:00,26.1,26.5,26.1,26.3,2402500,KBC
2024-10-30 07:00:00,26.3,26.55,26.1,26.25,3012400,KBC
2024-10-31 07:00:00,26.35,26.45,26.2,26.3,1831000,KBC
2024-11-01 07:00:00,26.3,26.8,26.25,26.35,3222700,KBC
2024-11-04 07:00:00,26.3,27.3,26.1,27.05,6511300,KBC
2024-11-05 07:00:00,27.0,27.2,26.95,27.0,2762500,KBC
2024-11-06 07:00:00,27.6,28.85,27.5,28.85,20298300,KBC
2024-11-07 07:00:00,29.5,29.65,28.8,28.8,13866300,KBC
2024-11-08 07:00:00,28.9,29.2,28.25,28.8,10559200,KBC
2024-11-11 07:00:00,29.1,29.3,28.7,28.85,8097000,KBC
2024-11-12 07:00:00,29.05,29.55,28.7,28.7,9583600,KBC
2024-11-13 07:00:00,28.7,29.55,28.65,29.55,9261200,KBC
2024-11-14 07:00:00,29.6,29.7,28.65,28.65,7495500,KBC
2024-11-15 07:00:00,28.6,29.75,28.6,29.35,12071700,KBC
2024-11-18 07:00:00,29.35,29.35,27.3,27.6,13350200,KBC
2024-11-19 07:00:00,27.35,27.8,26.6,26.6,7081500,KBC
2024-11-20 07:00:00,26.65,27.55,26.2,26.9,5816800,KBC
2024-11-21 07:00:00,27.0,27.1,26.45,26.9,4934100,KBC
2024-11-22 07:00:00,26.9,27.2,26.75,27.0,3676300,KBC
2024-11-25 07:00:00,27.15,27.35,27.05,27.35,3212200,KBC
2024-11-26 07:00:00,27.4,27.95,27.3,27.85,5344700,KBC
2024-11-27 07:00:00,27.85,28.2,27.5,28.0,4958500,KBC
2024-11-28 07:00:00,28.15,28.2,27.6,27.8,2855700,KBC
2024-11-29 07:00:00,27.6,28.25,27.6,27.75,3512400,KBC
2024-12-02 07:00:00,27.8,28.25,27.65,27.95,3872300,KBC
2024-12-03 07:00:00,27.95,28.25,27.85,28.0,4479900,KBC
2024-12-04 07:00:00,28.0,28.05,27.7,28.0,4065400,KBC
2024-12-05 07:00:00,28.0,28.95,27.7,28.7,6524600,KBC
2024-12-06 07:00:00,28.9,29.25,28.55,28.7,4448900,KBC
2024-12-09 07:00:00,28.8,28.8,28.45,28.7,3866000,KBC
2024-12-10 07:00:00,28.65,28.95,28.4,28.7,3683000,KBC
2024-12-11 07:00:00,28.6,28.85,28.2,28.2,3327300,KBC
2024-12-12 07:00:00,28.3,28.6,28.15,28.25,3382900,KBC
2024-12-13 07:00:00,28.25,28.3,27.85,27.85,3255500,KBC
2024-12-16 07:00:00,27.9,28.35,27.9,28.35,2463400,KBC
2024-12-17 07:00:00,28.35,28.4,28.1,28.2,1429900,KBC
2024-12-18 07:00:00,28.1,28.3,27.85,28.15,2430800,KBC
2024-12-19 07:00:00,27.8,27.9,27.3,27.6,3731900,KBC
2024-12-20 07:00:00,27.6,27.85,27.6,27.6,2096100,KBC
2024-12-23 07:00:00,27.7,28.15,27.7,27.8,2444700,KBC
2024-12-24 07:00:00,27.8,28.0,27.45,27.6,3091500,KBC
2024-12-25 07:00:00,27.65,28.15,27.65,28.15,3779000,KBC
2024-12-26 07:00:00,28.15,28.2,27.4,27.55,4780500,KBC
2024-12-27 07:00:00,27.5,27.75,27.3,27.65,3480700,KBC
2024-12-30 07:00:00,27.65,27.65,27.25,27.25,2475800,KBC
2024-12-31 07:00:00,27.25,27.35,27.0,27.2,3004100,KBC
